q_cw,q_cx,q_cy,q_cz,w_cx,w_cy,w_cz,q_tw,q_tx,q_ty,q_tz,w_tx,w_ty,w_tz
0.877583,0.0,0.0,-0.479426,0.0,0.0,1.0,1.0,0.0,0.0,0.0,0.0,0.0,3.5909189470658975
0.8801248229425819,0.0,0.0,-0.4747436228127806,0.0,0.0,1.13112505101614,0.9998388205938906,0.0,0.0,0.017953630082160048,0.0,0.0,3.5909189470658975
0.8828009447633789,0.0,0.0,-0.4697485532557085,0.0,0.0,1.1355882988051755,0.999355334333455,0.0,0.0,0.035901472653454405,0.0,0.0,3.5909189470658975
0.8855968123490101,0.0,0.0,-0.46445613066574526,0.0,0.0,1.2586287230212028,0.9985496970747497,0.0,0.0,0.053837742068675115,0.0,0.0,3.5909189470658975
0.8885108090343514,0.0,0.0,-0.45885700777524463,0.0,0.0,1.2661821168272338,0.9974221685220442,0.0,0.0,0.07175665641332306,0.0,0.0,3.5909189470658975
0.8915289580430811,0.0,0.0,-0.4529650409460483,0.0,0.0,1.3818256448143376,0.9959731121441031,0.0,0.0,0.08965243936745904,0.0,0.0,3.5909189470658975
0.894648593077312,0.0,0.0,-0.4467718727188621,0.0,0.0,1.3919846772257518,0.9942029950570187,0.0,0.0,0.10751932206775144,0.0,0.0,3.5909189470658975
0.8978562564641175,0.0,0.0,-0.44029007945661314,0.0,0.0,1.5008471972537256,0.9921123878736322,0.0,0.0,0.12535154496712014,0.0,0.0,3.5909189470658975
0.901148360018731,0.0,0.0,-0.4335122196364529,0.0,0.0,1.5131892511569824,0.9897019645195915,0.0,0.0,0.1431433596913772,0.0,0.0,3.5909189470658975
0.9045119151927757,0.0,0.0,-0.4264497703164616,0.0,0.0,1.6158235306907824,0.986972502016105,0.0,0.0,0.16088903089226608,0.0,0.0,3.5909189470658975
0.9079425266318906,0.0,0.0,-0.41909614608153267,0.0,0.0,1.6299798038781486,0.9839248802294626,0.0,0.0,0.17858283809630157,0.0,0.0,3.5909189470658975
0.9114276316671538,0.0,0.0,-0.4114618859008721,0.0,0.0,1.7268830006734563,0.9805600815874025,0.0,0.0,0.19621907754881487,0.0,0.0,3.5909189470658975
0.914962131206775,0.0,0.0,-0.40354121198575765,0.0,0.0,1.7425315645358457,0.9768791907624174,0.0,0.0,0.21379206405260917,0.0,0.0,3.5909189470658975
0.9185338514656991,0.0,0.0,-0.3953438693234814,0.0,0.0,1.8341517125540971,0.9728833943221004,0.0,0.0,0.23129613280063305,0.0,0.0,3.5909189470658975
0.9221370832893181,0.0,0.0,-0.3868648483902394,0.0,0.0,1.8510115332578951,0.9685739803466447,0.0,0.0,0.24872564120208096,0.0,0.0,3.5909189470658975
0.9257600105805367,0.0,0.0,-0.3781132291949638,0.0,0.0,1.9377531585861327,0.9639523380136195,0.0,0.0,0.26607497070133207,0.0,0.0,3.5909189470658975
0.9293963993706277,0.0,0.0,-0.36908473839460676,0.0,0.0,1.9555789365508196,0.9590199571501563,0.0,0.0,0.2833385285891412,0.0,0.0,3.5909189470658975
0.9330347654355415,0.0,0.0,-0.3597879066211644,0.0,0.0,2.0378079334810377,0.9537784277526903,0.0,0.0,0.300510749805498,0.0,0.0,3.5909189470658975
0.936668427970567,0.0,0.0,-0.35021917037935146,0.0,0.0,2.056385639862606,0.9482294394744106,0.0,0.0,0.31758609873357296,0.0,0.0,3.5909189470658975
0.9402862137996285,0.0,0.0,-0.34038661456944563,0.0,0.0,2.1344335164594215,0.942374781080586,0.0,0.0,0.3345590709841723,0.0,0.0,3.5909189470658975
0.9438810669873801,0.0,0.0,-0.33028736369644823,0.0,0.0,2.15357652445106,0.9362163398719406,0.0,0.0,0.3514241951701264,0.0,0.0,3.5909189470658975
0.9474421092033005,0.0,0.0,-0.319929149849162,0.0,0.0,2.2277441096026585,0.9297561010762657,0.0,0.0,0.3681760346700396,0.0,0.0,3.5909189470658975
0.9509619756716363,0.0,0.0,-0.30930976711997094,0.0,0.0,2.2472898343299628,0.9229961472084641,0.0,0.0,0.3848091893808331,0.0,0.0,3.5909189470658975
0.9544300709810338,0.0,0.0,-0.2984366780318994,0.0,0.0,2.3178505238285165,0.9159386573992334,0.0,0.0,0.40131829745851555,0.0,0.0,3.5909189470658975
0.9578387831240426,0.0,0.0,-0.287308330412696,0.0,0.0,2.3376574979778697,0.9085859066926036,0.0,0.0,0.41769803704662106,0.0,0.0,3.5909189470658975
0.9611777916289616,0.0,0.0,-0.27593199168875177,0.0,0.0,2.4048601051075664,0.900940265312557,0.0,0.0,0.4339431279917563,0.0,0.0,3.5909189470658975
0.9644392948079802,0.0,0.0,-0.26430674940497473,0.0,0.0,2.424805428626587,0.8930041978989651,0.0,0.0,0.4500483335457044,0.0,0.0,3.5909189470658975
0.9676132427819308,0.0,0.0,-0.2524397423531461,0.0,0.0,2.4888766946359095,0.8847802627130907,0.0,0.0,0.4660084620535371,0.0,0.0,3.5909189470658975
0.9706916982044317,0.0,0.0,-0.2403306850054012,0.0,0.0,2.5088538062484758,0.8762711108129099,0.0,0.0,0.4818183686271903,0.0,0.0,3.5909189470658975
0.9736648807719032,0.0,0.0,-0.22798664663485269,0.0,0.0,2.570000617610136,0.8674794851985195,0.0,0.0,0.49747295680396425,0.0,0.0,3.5909189470658975
0.9765247684149052,0.0,0.0,-0.21540795657466658,0.0,0.0,2.589917343794941,0.8584082199279075,0.0,0.0,0.5129671801894129,0.0,0.0,3.5909189470658975
0.9792618524266439,0.0,0.0,-0.20260166691892528,0.0,0.0,2.6483286960359447,0.8490602392033693,0.0,0.0,0.528296044084094,0.0,0.0,3.5909189470658975
0.9818680742330377,0.0,0.0,-0.1895687100990303,0.0,0.0,2.6681055397730904,0.839438556428865,0.0,0.0,0.5434546070936541,0.0,0.0,3.5909189470658975
0.9843342014998638,0.0,0.0,-0.17631616708649378,0.0,0.0,2.7239542816633397,0.8295462732386227,0.0,0.0,0.558437982721731,0.0,0.0,3.5909189470658975
0.9866521849540733,0.0,0.0,-0.16284556160169134,0.0,0.0,2.743522918861435,0.8193865784972989,0.0,0.0,0.5732413409451582,0.0,0.0,3.5909189470658975
0.9888130758879391,0.0,0.0,-0.14916404369581143,0.0,0.0,2.7969673056972972,0.8089627472720198,0.0,0.0,0.5878599097709665,0.0,0.0,3.5909189470658975
0.9908088779700838,0.0,0.0,-0.1352737162318566,0.0,0.0,2.816269261942256,0.7982781397766349,0.0,0.0,0.6022889767746767,0.0,0.0,3.5909189470658975
0.9926309355809508,0.0,0.0,-0.12118183306425002,0.0,0.0,2.867454342399481,0.7873362002885224,0.0,0.0,0.6165238906193925,0.0,0.0,3.5909189470658975
0.9942713470047148,0.0,0.0,-0.10689106347466824,0.0,0.0,2.886439826655837,0.7761404560382958,0.0,0.0,0.6305600625551988,0.0,0.0,3.5909189470658975
0.9957217611143415,0.0,0.0,-0.09240879469693583,0.0,0.0,2.9354986840883632,0.7646945160727705,0.0,0.0,0.6443929678983863,0.0,0.0,3.5909189470658975
0.9969744106718785,0.0,0.0,-0.07773824893198278,0.0,0.0,2.9541255593514912,0.753002070091555,0.0,0.0,0.658018147490023,0.0,0.0,3.5909189470658975
0.9980212621296236,0.0,0.0,-0.06288697151679995,0.0,0.0,3.0011804253743595,0.7410668872576442,0.0,0.0,0.6714312091334033,0.0,0.0,3.5909189470658975
0.998854720895984,0.0,0.0,-0.04785872313543632,0.0,0.0,3.019413299115769,0.7288928149823969,0.0,0.0,0.6846278290099114,0.0,0.0,3.5909189470658975
0.999467085516276,0.0,0.0,-0.032661227364905614,0.0,0.0,3.0645765547442307,0.7164837776852878,0.0,0.0,0.6976037530728424,0.0,0.0,3.5909189470658975
0.9998509706051305,0.0,0.0,-0.017298767870005526,0.0,0.0,3.0823859743947426,0.7038437755288374,0.0,0.0,0.7103547984187317,0.0,0.0,3.5909189470658975
0.9999990224905158,0.0,0.0,-0.0017792622595619277,0.0,0.0,3.125761051844286,0.6909768831291235,0.0,0.0,0.7228768546357507,0.0,0.0,3.5909189470658975
0.9999041000016198,0.0,0.0,0.013892499491235614,0.0,0.0,3.143122792591257,0.6778872482422934,0.0,0.0,0.7351658851287342,0.0,0.0,3.5909189470658975
0.999559213868567,0.0,0.0,0.02970839407183926,0.0,0.0,3.1848049890128354,0.6645790904274977,0.0,0.0,0.7472179284204126,0.0,0.0,3.5909189470658975
0.9989575006248073,0.0,0.0,0.0456631431121811,0.0,0.0,3.201699422906676,0.6510566996866788,0.0,0.0,0.759029099428429,0.0,0.0,3.5909189470658975
0.9980923527111369,0.0,0.0,0.06174840984316976,0.0,0.0,3.241776635785599,0.63732443508165,0.0,0.0,0.7705955907177299,0.0,0.0,3.5909189470658975
0.9969572163485734,0.0,0.0,0.0779584467156965,0.0,0.0,3.2581881726075723,0.6233867233289149,0.0,0.0,0.7819136737279248,0.0,0.0,3.5909189470658975
0.9955458834509733,0.0,0.0,0.0942846994603983,0.0,0.0,3.2967415652489027,0.6092480573726747,0.0,0.0,0.7929796999752212,0.0,0.0,3.5909189470658975
0.9938521403985693,0.0,0.0,0.11072097190054153,0.0,0.0,3.3126581568288893,0.5949129949364897,0.0,0.0,0.8037901022285452,0.0,0.0,3.5909189470658975
0.9918701965657211,0.0,0.0,0.1272584917496409,0.0,0.0,3.349762761249096,0.5803861570540557,0.0,0.0,0.8143413956594698,0.0,0.0,3.5909189470658975
0.9895942074320058,0.0,0.0,0.14389063610738234,0.0,0.0,3.3651754619743173,0.5656722265795735,0.0,0.0,0.8246301789655803,0.0,0.0,3.5909189470658975
0.9870188178229684,0.0,0.0,0.16060841749324736,0.0,0.0,3.4009007255863004,0.5507759466781897,0.0,0.0,0.8346531354669139,0.0,0.0,3.5909189470658975
0.9841385796943284,0.0,0.0,0.1774048095402766,0.0,0.0,3.4158033027400356,0.5357021192969956,0.0,0.0,0.8444070341751206,0.0,0.0,3.5909189470658975
0.9809485911026551,0.0,0.0,0.1942706155552476,0.0,0.0,3.4502135844292208,0.520455603617077,0.0,0.0,0.8538887308350012,0.0,0.0,3.5909189470658975
0.9774438262519389,0.0,0.0,0.2111984302990546,0.0,0.0,3.4646021727675973,0.5050413144871145,0.0,0.0,0.8630951689380851,0.0,0.0,3.5909189470658975
0.9736198537931776,0.0,0.0,0.22817885682524927,0.0,0.0,3.4977571932874234,0.48946422083903895,0.0,0.0,0.8720233807079234,0.0,0.0,3.5909189470658975
0.9694720942974764,0.0,0.0,0.24520413692476817,0.0,0.0,3.511629988923602,0.473729344086252,0.0,0.0,0.8806704880567772,0.0,0.0,3.5909189470658975
0.9649966037608912,0.0,0.0,0.2622646851558147,0.0,0.0,3.543585239969823,0.4578417565049296,0.0,0.0,0.8890337035133947,0.0,0.0,3.5909189470658975
0.9601892715333853,0.0,0.0,0.27935241750576323,0.0,0.0,3.556942229205949,0.44180657959892894,0.0,0.0,0.8971103311215775,0.0,0.0,3.5909189470658975
0.9550466569075874,0.0,0.0,0.2964575744133949,0.0,0.0,3.58774934504411,0.4256289824488266,0.0,0.0,0.9048977673092451,0.0,0.0,3.5909189470658975
0.9495651386598676,0.0,0.0,0.31357177443690315,0.0,0.0,3.60059206428698,0.40931418004561976,0.0,0.0,0.9123935017277203,0.0,0.0,3.5909189470658975
0.9437417943562031,0.0,0.0,0.3306851007080097,0.0,0.0,3.6302991593922354,0.39286743160962806,0.0,0.0,0.9195951180609611,0.0,0.0,3.5909189470658975
0.9375735110241361,0.0,0.0,0.34778890386997463,0.0,0.0,3.642630482720771,0.3762940388951375,0.0,0.0,0.9265002948044824,0.0,0.0,3.5909189470658975
0.9310578983407874,0.0,0.0,0.3648731288129783,0.0,0.0,3.671282458532181,0.35959934448133324,0.0,0.0,0.9331068060137128,0.0,0.0,3.5909189470658975
0.9241923685284104,0.0,0.0,0.3819288888402713,0.0,0.0,3.683106409863555,0.34278873005007204,0.0,0.0,0.9394125220215479,0.0,0.0,3.5909189470658975
0.9169750759218377,0.0,0.0,0.3989460117340244,0.0,0.0,3.7107452334462505,0.32586761465104985,0.0,0.0,0.945415410124867,0.0,0.0,3.5909189470658975
0.9094039729435557,0.0,0.0,0.41591540500365576,0.0,0.0,3.722066820580984,0.3088414529549233,0.0,0.0,0.9511135352397928,0.0,0.0,3.5909189470658975
0.9014777697017428,0.0,0.0,0.4328268023378665,0.0,0.0,3.748731777721026,0.29171573349494856,0.0,0.0,0.9565050605254831,0.0,0.0,3.5909189470658975
0.8931949718328637,0.0,0.0,0.4496709378708717,0.0,0.0,3.759556845842311,0.2744959768977042,0.0,0.0,0.9615882479762522,0.0,0.0,3.5909189470658975
0.8845548547764345,0.0,0.0,0.46643747590474255,0.0,0.0,3.7852847708638615,0.2571877341034688,0.0,0.0,0.9663614589818325,0.0,0.0,3.5909189470658975
0.8755564883553787,0.0,0.0,0.483117010382274,0.0,0.0,3.795619873328223,0.23979658457682607,0.0,0.0,0.9708231548555951,0.0,0.0,3.5909189470658975
0.8661997212275824,0.0,0.0,0.4996991624279299,0.0,0.0,3.8204453577152555,0.22232813450807565,0.0,0.0,0.9749718973305589,0.0,0.0,3.5909189470658975
0.8564841962895391,0.0,0.0,0.5161744196271367,0.0,0.0,3.8302976422048784,0.204788015006028,0.0,0.0,0.9788063490230287,0.0,0.0,3.5909189470658975
0.8464103415339455,0.0,0.0,0.5325323874468395,0.0,0.0,3.8542532239255034,0.18718188028276703,0.0,0.0,0.9823252738637123,0.0,0.0,3.5909189470658975
0.8359783796948671,0.0,0.0,0.5487634814778803,0.0,0.0,3.8636303322408816,0.16951540583096486,0.0,0.0,0.9855275374961787,0.0,0.0,3.5909189470658975
0.8251893223599275,0.0,0.0,0.5648573201692273,0.0,0.0,3.8867466675076843,0.15179428659433686,0.0,0.0,0.988412107642528,0.0,0.0,3.5909189470658975
0.8140439767111304,0.0,0.0,0.5808042818814284,0.0,0.0,3.8956566474656107,0.13402423513182632,0.0,0.0,0.9909780544361545,0.0,0.0,3.5909189470658975
0.802543940263107,0.0,0.0,0.5965940276129343,0.0,0.0,3.9179626665172305,0.1162109797761107,0.0,0.0,0.9932245507214985,0.0,0.0,3.5909189470658975
0.7906906070799387,0.0,0.0,0.612216933527861,0.0,0.0,3.9264138945861617,0.09836026278702317,0.0,0.0,0.9951508723206864,0.0,0.0,3.5909189470658975
0.7784861609496585,0.0,0.0,0.6276627334786947,0.0,0.0,3.9479369429411504,0.08047783850048454,0.0,0.0,0.996756398266976,0.0,0.0,3.5909189470658975
0.7659325830622739,0.0,0.0,0.642921836600901,0.0,0.0,3.9559380563956887,0.06256947147354233,0.0,0.0,0.9980406110049307,0.0,0.0,3.5909189470658975
0.7530326417962874,0.0,0.0,0.6579840804532046,0.0,0.0,3.976704022907571,0.04464093462611507,0.0,0.0,0.9990030965572579,0.0,0.0,3.5909189470658975
0.7397889035161263,0.0,0.0,0.6728399423057541,0.0,0.0,3.9842638604180536,0.026698007380040623,0.0,0.0,0.9996435446582584,0.0,0.0,3.5909189470658975
0.7262047174487425,0.0,0.0,0.6874793946360038,0.0,0.0,4.004297293348822,0.008746473796028699,0.0,0.0,0.9999617488538434,0.0,0.0,3.5909189470658975
0.7122832309904067,0.0,0.0,0.7018930178675823,0.0,0.0,4.011424843042318,-0.00920787929088213,0.0,0.0,0.9999576065680861,0.0,0.0,3.5909189470658975
0.6980283683993225,0.0,0.0,0.7160709507848828,0.0,0.0,4.030749055269095,-0.02715926413676169,0.0,0.0,0.999631119136289,0.0,0.0,3.5909189470658975
0.6834438517838244,0.0,0.0,0.7300039116984517,0.0,0.0,4.037453409405855,-0.04510189395451845,0.0,0.0,0.9989823918045526,0.0,0.0,3.5909189470658975
0.6685341725382884,0.0,0.0,0.7436822370824894,0.0,0.0,4.056090573781086,-0.06302998477932134,0.0,0.0,0.9980116336958488,0.0,0.0,3.5909189470658975
0.6533036190097077,0.0,0.0,0.757096817441954,0.0,0.0,4.062380889286868,-0.08093775733311179,0.0,0.0,0.9967191577426081,0.0,0.0,3.5909189470658975
0.6377572397659969,0.0,0.0,0.7702382181415347,0.0,0.0,4.080352125085343,-0.09881943888760492,0.0,0.0,0.9951053805858432,0.0,0.0,3.5909189470658975
0.6218998787990828,0.0,0.0,0.7830975356227482,0.0,0.0,4.086237589266124,-0.11666926512517939,0.0,0.0,0.9931708224408411,0.0,0.0,3.5909189470658975
0.6057371298431709,0.0,0.0,0.7956655949873311,0.0,0.0,4.103563040571704,-0.13448148199705598,0.0,0.0,0.990916106929467,0.0,0.0,3.5909189470658975
0.5892743798640363,0.0,0.0,0.8079337316528509,0.0,0.0,4.109052841414048,-0.15225034757816588,0.0,0.0,0.9883419608791343,0.0,0.0,3.5909189470658975
0.5725177537453867,0.0,0.0,0.8198930607841689,0.0,0.0,4.1257517482245785,-0.16997013391811092,0.0,0.0,0.9854492140885055,0.0,0.0,3.5909189470658975
0.555473166730846,0.0,0.0,0.8315351889774042,0.0,0.0,4.130855048753318,-0.18763512888761874,0.0,0.0,0.9822387990599992,0.0,0.0,3.5909189470658975
0.5381472588739693,0.0,0.0,0.8428515511059972,0.0,0.0,4.146945811513445,-0.2052396380198981,0.0,0.0,0.9787117506991899,0.0,0.0,3.5909189470658975
0.520546457036996,0.0,0.0,0.8538340561795984,0.0,0.0,4.15167172773903,-0.22277798634630042,0.0,0.0,0.9748692059811966,0.0,0.0,3.5909189470658975
0.5026778985585008,0.0,0.0,0.8644744875917354,0.0,0.0,4.167171965947029,-0.24024452022569576,0.0,0.0,0.9707124035841695,0.0,0.0,3.5909189470658975
0.4845485033674627,0.0,0.0,0.8747650869071104,0.0,0.0,4.171529547988835,-0.25763360916697414,0.0,0.0,0.9662426834899908,0.0,0.0,3.5909189470658975
0.46616588636556033,0.0,0.0,0.8846980138709637,0.0,0.0,4.186456153464802,-0.27493964764408374,0.0,0.0,0.9614614865523194,0.0,0.0,3.5909189470658975
0.4475374401830984,0.0,0.0,0.8942658715304963,0.0,0.0,4.190454369484406,-0.29215705690302174,0.0,0.0,0.95637035403212,0.0,0.0,3.5909189470658975
0.428671235803673,0.0,0.0,0.903461222696372,0.0,0.0,4.204823554832944,-0.30928028676019476,0.0,0.0,0.9509709271008231,0.0,0.0,3.5909189470658975
0.40957511646712225,0.0,0.0,0.9122770594970567,0.0,0.0,4.208471277453562,-0.3263038173915695,0.0,0.0,0.9452649463112793,0.0,0.0,3.5909189470658975
0.3902575860853544,0.0,0.0,0.9207063732747812,0.0,0.0,4.222298620204084,-0.3432221611120366,0.0,0.0,0.9392542510366769,0.0,0.0,3.5909189470658975
0.3707269147842761,0.0,0.0,0.9287425714013791,0.0,0.0,4.225604615129679,-0.36002986414441435,0.0,0.0,0.9329407788776035,0.0,0.0,3.5909189470658975
0.3509920146732466,0.0,0.0,0.9363790978483757,0.0,0.0,4.238905097991441,-0.37672150837752183,0.0,0.0,0.9263265650374434,0.0,0.0,3.5909189470658975
0.33106155751079647,0.0,0.0,0.9436097998556181,0.0,0.0,4.241878014571816,-0.39329171311275474,0.0,0.0,0.919413741666312,0.0,0.0,3.5909189470658975
0.3109448373983503,0.0,0.0,0.9504285966415675,0.0,0.0,4.2546660621985275,-0.4097351367986011,0.0,0.0,0.9122045371737383,0.0,0.0,3.5909189470658975
0.29065090105171726,0.0,0.0,0.9568297983081686,0.0,0.0,4.257314425715692,-0.4260464787525372,0.0,0.0,0.9047012755103175,0.0,0.0,3.5909189470658975
0.2701893969940133,0.0,0.0,0.9628078203562019,0.0,0.0,4.269603938335771,-0.4422204808697497,0.0,0.0,0.8969063754185652,0.0,0.0,3.5909189470658975
0.2495697189149152,0.0,0.0,0.9683574570282543,0.0,0.0,4.271936143812331,-0.45825192931813175,0.0,0.0,0.8888223496532139,0.0,0.0,3.5909189470658975
0.22880184093943534,0.0,0.0,0.9734736394681489,0.0,0.0,4.283740528045352,-0.4741356562190079,0.0,0.0,0.880451804171205,0.0,0.0,3.5909189470658975
0.20789547455857194,0.0,0.0,0.9781516655456453,0.0,0.0,4.285764835398065,-0.4898665413130452,0.0,0.0,0.8717974372916355,0.0,0.0,3.5909189470658975
0.1868608895508325,0.0,0.0,0.9823869996512523,0.0,0.0,4.297097032545557,-0.505439513610814,0.0,0.0,0.8628620388259305,0.0,0.0,3.5909189470658975
0.16570808497019948,0.0,0.0,0.9861754609087614,0.0,0.0,4.29882156292687,-0.5208495530274658,0.0,0.0,0.8536484891785237,0.0,0.0,3.5909189470658975
0.14444759529694617,0.0,0.0,0.989513062729654,0.0,0.0,4.309694074996003,-0.5360916920010026,0.0,0.0,0.844159758418333,0.0,0.0,3.5909189470658975
0.12308967597097384,0.0,0.0,0.9923961612003517,0.0,0.0,4.311126808183712,-0.5511610170936132,0.0,0.0,0.8343989053213332,0.0,0.0,3.5909189470658975
0.1016450943482187,0.0,0.0,0.9948213326362161,0.0,0.0,4.321551721875527,-0.5660526705755642,0.0,0.0,0.824369076384532,0.0,0.0,3.5909189470658975
0.0801243302687817,0.0,0.0,0.9967854838273055,0.0,0.0,4.322700494585894,-0.5807618519911312,0.0,0.0,0.8140735048116695,0.0,0.0,3.5909189470658975
0.05853835139563736,0.0,0.0,0.9982857659326762,0.0,0.0,4.332689503455291,-0.5952838197060684,0.0,0.0,0.8035155094709661,0.0,0.0,3.5909189470658975
0.03689782930708972,0.0,0.0,0.9993196481794941,0.0,0.0,4.333562008468312,-0.6096138924361162,0.0,0.0,0.7926984938252561,0.0,0.0,3.5909189470658975
0.015213898795981357,0.0,0.0,0.999884866525828,0.0,0.0,4.343126433440843,-0.6237474507560544,0.0,0.0,0.7816259448348519,0.0,0.0,3.5909189470658975
-0.0065026100254870454,0.0,0.0,0.9999794623314046,0.0,0.0,4.343730219438158,-0.6376799385888144,0.0,0.0,0.7703014318334911,0.0,0.0,3.5909189470658975
-0.0282404288849797,0.0,0.0,0.9996017642929887,0.0,0.0,4.352881027848648,-0.6514068646741711,0.0,0.0,0.7587286053777306,0.0,0.0,3.5909189470658975
-0.04998860274816175,0.0,0.0,0.9987503935392925,0.0,0.0,4.353223499874938,-0.6649238040165399,0.0,0.0,0.7469111960701573,0.0,0.0,3.5909189470658975
-0.07173576385082209,0.0,0.0,0.9974242774088607,0.0,0.0,4.361971323174872,-0.6782263993114134,0.0,0.0,0.734853013356796,0.0,0.0,3.5909189470658975
-0.09347086612066574,0.0,0.0,0.9956226223652093,0.0,0.0,4.362059743642724,-0.6913103623499766,0.0,0.0,0.7225579442991001,0.0,0.0,3.5909189470658975
-0.11518247649061097,0.0,0.0,0.9933449582442059,0.0,0.0,4.370414893907043,-0.7041714754014488,0.0,0.0,0.7100299523209239,0.0,0.0,3.5909189470658975
-0.13685949187243543,0.0,0.0,0.9905910803371447,0.0,0.0,4.370256384073373,-0.7168055925727064,0.0,0.0,0.6972730759308774,0.0,0.0,3.5909189470658975
-0.15849044815153102,0.0,0.0,0.9873611227841167,0.0,0.0,4.37822886942266,-0.7292086411447483,0.0,0.0,0.6842914274204777,0.0,0.0,3.5909189470658975
-0.18006421925024305,0.0,0.0,0.9836554711312802,0.0,0.0,4.377830411271916,-0.7413766228855723,0.0,0.0,0.6710891915385154,0.0,0.0,3.5909189470658975
-0.20156934419456185,0.0,0.0,0.9794748635897117,0.0,0.0,4.385429950312838,-0.7533056153390406,0.0,0.0,0.6576706241420647,0.0,0.0,3.5909189470658975
-0.2229947078167625,0.0,0.0,0.9748202753375871,0.0,0.0,4.384798388788572,-0.7649917730893183,0.0,0.0,0.6440400508245692,0.0,0.0,3.5909189470658975
-0.2443288862729201,0.0,0.0,0.9696930464014315,0.0,0.0,4.3920344241636275,-0.7764313290004768,0.0,0.0,0.6302018655214496,0.0,0.0,3.5909189470658975
-0.2655608089482943,0.0,0.0,0.9640947389433785,0.0,0.0,4.391176469695661,-0.7876205954308635,0.0,0.0,0.6161605290936797,0.0,0.0,3.5909189470658975
-0.28667912279123653,0.0,0.0,0.9580272905544228,0.0,0.0,4.398058180822807,-0.7985559654218451,0.0,0.0,0.6019205678897883,0.0,0.0,3.5909189470658975
-0.30767283500057885,0.0,0.0,0.9514928457405835,0.0,0.0,4.396980412102275,-0.8092339138605434,0.0,0.0,0.5874865722867512,0.0,0.0,3.5909189470658975
-0.3285306965265422,0.0,0.0,0.9444939334464351,0.0,0.0,4.403516727175582,-0.8196509986161857,0.0,0.0,0.5728631952102424,0.0,0.0,3.5909189470658975
-0.3492418251370704,0.0,0.0,0.9370332739311574,0.0,0.0,4.402225594134629,-0.8298038616497061,0.0,0.0,0.558055150634723,0.0,0.0,3.5909189470658975
-0.3697951084198546,0.0,0.0,0.9291139793659235,0.0,0.0,4.408425201448778,-0.8396892300962393,0.0,0.0,0.5430672120638494,0.0,0.0,3.5909189470658975
-0.3901798068439698,0.0,0.0,0.9207393372708601,0.0,0.0,4.406927028405738,-0.8493039173201573,0.0,0.0,0.5279042109916928,0.0,0.0,3.5909189470658975
-0.4103849765792206,0.0,0.0,0.9119130330523597,0.0,0.0,4.412798387059753,-0.8586448239423093,0.0,0.0,0.5125710353452642,0.0,0.0,3.5909189470658975
-0.4304000521904494,0.0,0.0,0.902638911154366,0.0,0.0,4.4110993759942865,-0.8677089388391342,0.0,0.0,0.4970726279088482,0.0,0.0,3.5909189470658975
-0.45021428957120924,0.0,0.0,0.8929212184218426,0.0,0.0,4.416650726023296,-0.8764933401133225,0.0,0.0,0.4814139847306531,0.0,0.0,3.5909189470658975
-0.46981732793056785,0.0,0.0,0.8827643441040642,0.0,0.0,4.414756959949261,-0.8849951960357156,0.0,0.0,0.4656001535122904,0.0,0.0,3.5909189470658975
-0.4891986531177589,0.0,0.0,0.8721730829487394,0.0,0.0,4.419996331927293,-0.8932117659581392,0.0,0.0,0.4496362319816038,0.0,0.0,3.5909189470658975
-0.5083481385850539,0.0,0.0,0.8611523551807305,0.0,0.0,4.417913778334088,-0.9011404011968748,0.0,0.0,0.4335273662493719,0.0,0.0,3.5909189470658975
-0.5272555293586652,0.0,0.0,0.8497074882480545,0.0,0.0,4.42284900248573,-0.9087785458864864,0.0,0.0,0.4172787491504138,0.0,0.0,3.5909189470658975
-0.5459109616861424,0.0,0.0,0.8378439178863222,0.0,0.0,4.4205835168215994,-0.9161237378037265,0.0,0.0,0.40089561856963324,0.0,0.0,3.5909189470658975
-0.5643044678865332,0.0,0.0,0.8255674874533444,0.0,0.0,4.425222231675874,-0.923173609161255,0.0,0.0,0.3843832557535401,0.0,0.0,3.5909189470658975
-0.5824264744166343,0.0,0.0,0.8128841311772745,0.0,0.0,4.422779560849111,-0.9299258873709167,0.0,0.0,0.3677469836077942,0.0,0.0,3.5909189470658975
-0.6002673278103844,0.0,0.0,0.7998001900310964,0.0,0.0,4.427129221464914,-0.9363783957763302,0.0,0.0,0.35099216498131947,0.0,0.0,3.5909189470658975
-0.6178177709250128,0.0,0.0,0.7863220782507184,0.0,0.0,4.424515007341205,-0.9425290543545516,0.0,0.0,0.33412420093754264,0.0,0.0,3.5909189470658975
-0.6350684901559711,0.0,0.0,0.7724566147144402,0.0,0.0,4.428582893130199,-0.9483758803865889,0.0,0.0,0.3171485290133128,0.0,0.0,3.5909189470658975
-0.6520105696514336,0.0,0.0,0.7582106738058711,0.0,0.0,4.425802676006412,-0.953916989096549,0.0,0.0,0.30007062146606334,0.0,0.0,3.5909189470658975
-0.6686350599648824,0.0,0.0,0.7435915312767534,0.0,0.0,4.429595898176222,-0.959150594259211,0.0,0.0,0.2828959835097816,0.0,0.0,3.5909189470658975
-0.6849334100543912,0.0,0.0,0.7286065005183799,0.0,0.0,4.426655120212891,-0.9640750087758325,0.0,0.0,0.26563015154035474,0.0,0.0,3.5909189470658975
-0.700897057510374,0.0,0.0,0.7132632918990608,0.0,0.0,4.4301806288508265,-0.9686886452180005,0.0,0.0,0.2482786913508636,0.0,0.0,3.5909189470658975
-0.716517838184499,0.0,0.0,0.6975696354965419,0.0,0.0,4.427084637447372,-0.9729900163393526,0.0,0.0,0.23084719633740036,0.0,0.0,3.5909189470658975
-0.7317875981051923,0.0,0.0,0.6815336529140699,0.0,0.0,4.430349228262577,-0.9769777355550043,0.0,0.0,0.21334128569598793,0.0,0.0,3.5909189470658975
-0.7466985806097695,0.0,0.0,0.6651634675150452,0.0,0.0,4.427103279360937,-0.9806505173885269,0.0,0.0,0.19576660261118262,0.0,0.0,3.5909189470658975
-0.7612430600351434,0.0,0.0,0.6484675877341792,0.0,0.0,4.430113600100943,-0.9840071778863321,0.0,0.0,0.17812881243694395,0.0,0.0,3.5909189470658975
-0.7754137062557127,0.0,0.0,0.6314545058441509,0.0,0.0,4.426722861404853,-0.9870466349993294,0.0,0.0,0.16043360087035777,0.0,0.0,3.5909189470658975
-0.7892032402114472,0.0,0.0,0.6141330917908498,0.0,0.0,4.429485417960755,-0.9897679089317352,0.0,0.0,0.14268667211880176,0.0,0.0,3.5909189470658975
-0.8026047757831376,0.0,0.0,0.5965121815100639,0.0,0.0,4.425954972059355,-0.9921701224569173,0.0,0.0,0.12489374706114394,0.0,0.0,3.5909189470658975
-0.8156114971946883,0.0,0.0,0.5786009803283427,0.0,0.0,4.428476134272429,-0.9942525012001778,0.0,0.0,0.10706056140356687,0.0,0.0,3.5909189470658975
-0.8282169781864268,0.0,0.0,0.560408641835656,0.0,0.0,4.4248109816582035,-0.996014373888379,0.0,0.0,0.08919286383061231,0.0,0.0,3.5909189470658975
-0.8404148813030908,0.0,0.0,0.5419446799060527,0.0,0.0,4.427096988839515,-0.9974551725663342,0.0,0.0,0.07129641415204203,0.0,0.0,3.5909189470658975
-0.8521992543549323,0.0,0.0,0.5232185391197517,0.0,0.0,4.423302050811857,-0.9985744327798933,0.0,0.0,0.05337698144611244,0.0,0.0,3.5909189470658975
-0.8635642515776026,0.0,0.0,0.5042400144705597,0.0,0.0,4.425359016985372,-0.9993717937256635,0.0,0.0,0.03544034219986132,0.0,0.0,3.5909189470658975
-0.874504407399694,0.0,0.0,0.48501881431794636,0.0,0.0,4.421439138432235,-0.9998469983673177,0.0,0.0,0.01749227844700637,0.0,0.0,3.5909189470658975
-0.8850143794355533,0.0,0.0,0.46556498686116377,0.0,0.0,4.42327305731108,-0.9999998935184521,0.0,0.0,-0.00046142409594434816,0.0,0.0,3.5909189470658975
-0.895089199606617,0.0,0.0,0.4458884765884861,0.0,0.0,4.41923300936231,-0.9998304298919674,0.0,0.0,-0.018414977894769088,0.0,0.0,3.5909189470658975
-0.9047240389031619,0.0,0.0,0.4259995566111773,0.0,0.0,4.42084975906709,-0.9993386621159567,0.0,0.0,-0.03636259546319508,0.0,0.0,3.5909189470658975
-0.9139144359352573,0.0,0.0,0.40590837956322096,0.0,0.0,4.416694241614059,-0.9985247487160962,0.0,0.0,-0.05429849122854572,0.0,0.0,3.5909189470658975
-0.9226560833746239,0.0,0.0,0.3856254149017377,0.0,0.0,4.418099589141537,-0.9973889520645424,0.0,0.0,-0.07221688339677093,0.0,0.0,3.5909189470658975
-0.9309450340391953,0.0,0.0,0.36516099519618,0.0,0.0,4.413833233218724,-0.9959316382953544,0.0,0.0,-0.0901119958162594,0.0,0.0,3.5909189470658975
-0.9387775089016376,0.0,0.0,0.34452575751552844,0.0,0.0,4.4150328386687026,-0.9941532771864674,0.0,0.0,-0.10797805983983196,0.0,0.0,3.5909189470658975
-0.9461500808393405,0.0,0.0,0.32373018603106685,0.0,0.0,4.410660208693763,-0.9920544420082557,0.0,0.0,-0.12580931618431582,0.0,0.0,3.5909189470658975
-0.9530595040717754,0.0,0.0,0.3027850566247099,0.0,0.0,4.41165962926159,-0.9896358093387336,0.0,0.0,-0.1436000167871003,0.0,0.0,3.5909189470658975
-0.9595028757351827,0.0,0.0,0.28170097671409994,0.0,0.0,4.407185225131382,-0.9868981588454552,0.0,0.0,-0.16134442665907542,0.0,0.0,3.5909189470658975
-0.965477486586836,0.0,0.0,0.2604888322307522,0.0,0.0,4.4079899188732155,-0.9838423730341808,0.0,0.0,-0.17903682573335616,0.0,0.0,3.5909189470658975
-0.9709809605907314,0.0,0.0,0.2391593255603225,0.0,0.0,4.40341817791404,-0.980469436964394,0.0,0.0,-0.19667151070919645,0.0,0.0,3.5909189470658975
-0.9760111267029942,0.0,0.0,0.21772342405391817,0.0,0.0,4.404033507291765,-0.9767804379317592,0.0,0.0,-0.21424279689049844,0.0,0.0,3.5909189470658975
-0.980566136681476,0.0,0.0,0.19619189695997233,0.0,0.0,4.399368806062897,-0.9727765651176216,0.0,0.0,-0.2317450200183244,0.0,0.0,3.5909189470658975
-0.9846443577430061,0.0,0.0,0.1745757646470743,0.0,0.0,4.39980004127542,-0.9684591092056647,0.0,0.0,-0.24917253809682038,0.0,0.0,3.5909189470658975
-0.988244468835941,0.0,0.0,0.15288583538695028,0.0,0.0,4.3950466972257205,-0.963829461965847,0.0,0.0,-0.2665197332119634,0.0,0.0,3.5909189470658975
-0.9913653739367347,0.0,0.0,0.13113315448253132,0.0,0.0,4.395299019333242,-0.9588891158057522,0.0,0.0,-0.2837810133425457,0.0,0.0,3.5909189470658975
-0.9940062770501417,0.0,0.0,0.1093285417440818,0.0,0.0,4.390461292311365,-0.9536396632894992,0.0,0.0,-0.3009508141628115,0.0,0.0,3.5909189470658975
-0.9961666158896724,0.0,0.0,0.0874830397319618,0.0,0.0,4.390539796159139,-0.9480827966243645,0.0,0.0,-0.3180236008361671,0.0,0.0,3.5909189470658975
-0.997846115895304,0.0,0.0,0.06560745274996192,0.0,0.0,4.385621889778473,-0.9422203071152842,0.0,0.0,-0.3349938697993839,0.0,0.0,3.5909189470658975
-0.9990447440198097,0.0,0.0,0.043712793428347115,0.0,0.0,4.385531586726544,-0.9360540845874115,0.0,0.0,-0.3518561505367204,0.0,0.0,3.5909189470658975
-0.9997627420784674,0.0,0.0,0.021809824039948904,0.0,0.0,4.380537649586665,-0.9295861167769146,0.0,0.0,-0.3686050073433915,0.0,0.0,3.5909189470658975
-1.000000600341009,0.0,0.0,-9.049933438499275e-5,0.0,0.0,4.380283470052022,-0.9228184886902128,0.0,0.0,-0.3852350410778155,0.0,0.0,3.5909189470658975
-0.9997590705519225,0.0,0.0,-0.021977482380423633,0.0,0.0,4.375217596818992,-0.9157533819318555,0.0,0.0,-0.40174089090207504,0.0,0.0,3.5909189470658975
-0.9990391590058764,0.0,0.0,-0.04384025154361021,0.0,0.0,4.37480439263661,-0.9083930740012637,0.0,0.0,-0.4181172360100307,0.0,0.0,3.5909189470658975
-0.9978421196007624,0.0,0.0,-0.06566820572746516,0.0,0.0,4.369670624985001,-0.9007399375585573,0.0,0.0,-0.43435879734252936,0.0,0.0,3.5909189470658975
-0.9961694660529212,0.0,0.0,-0.08745057916865703,0.0,0.0,4.369103171594243,-0.8927964396597077,0.0,0.0,-0.4504603392891557,0.0,0.0,3.5909189470658975
-0.9940229453680629,0.0,0.0,-0.10917688851231361,0.0,0.0,4.363905499014249,-0.8845651409612602,0.0,0.0,-0.4664166713759773,0.0,0.0,3.5909189470658975
-0.9914045688314639,0.0,0.0,-0.13083650027474483,0.0,0.0,4.363188497477135,-0.8760486948948839,0.0,0.0,-0.4822226499387396,0.0,0.0,3.5909189470658975
-0.9883165663043116,0.0,0.0,-0.15241907256942638,0.0,0.0,4.357930857950612,-0.8672498468120149,0.0,0.0,-0.4978731797809714,0.0,0.0,3.5909189470658975
-0.984761435603277,0.0,0.0,-0.1739141278446647,0.0,0.0,4.357068936808502,-0.8581714330988676,0.0,0.0,-0.5133632158164664,0.0,0.0,3.5909189470658975
-0.9807418780516423,0.0,0.0,-0.19531148855518105,0.0,0.0,4.351755217358178,-0.8488163802621008,0.0,0.0,-0.5286877646956112,0.0,0.0,3.5909189470658975
-0.9762608658422928,0.0,0.0,-0.2166008558431604,0.0,0.0,4.3507529343334514,-0.8391877039854327,0.0,0.0,-0.5438418864150354,0.0,0.0,3.5909189470658975
-0.9713215592941867,0.0,0.0,-0.23777223847206794,0.0,0.0,4.345386971449946,-0.8292885081575084,0.0,0.0,-0.5588206959100654,0.0,0.0,3.5909189470658975
-0.9659273917728768,0.0,0.0,-0.2588155381001578,0.0,0.0,4.344248814999298,-0.8191219838713343,0.0,0.0,-0.573619364629468,0.0,0.0,3.5909189470658975
-0.9600819691234451,0.0,0.0,-0.27972097081540126,0.0,0.0,4.33883439495093,-0.8086914083956006,0.0,0.0,-0.5882331220919764,0.0,0.0,3.5909189470658975
-0.9537891717031799,0.0,0.0,-0.3004786596306295,0.0,0.0,4.3375647856769435,-0.7980001441182258,0.0,0.0,-0.6026572574240968,0.0,0.0,3.5909189470658975
-0.9470530364820119,0.0,0.0,-0.3210790479812474,0.0,0.0,4.332105644707634,-0.7870516374624605,0.0,0.0,-0.6168871208787002,0.0,0.0,3.5909189470658975
-0.93987787572296,0.0,0.0,-0.34151250005072914,0.0,0.0,4.330708936635308,-0.7758494177759028,0.0,0.0,-0.6309181253339092,0.0,0.0,3.5909189470658975
-0.9322681422603392,0.0,0.0,-0.3617697056161349,0.0,0.0,4.32520876105614,-0.764397096192782,0.0,0.0,-0.644745747771797,0.0,0.0,3.5909189470658975
-0.9242285643450809,0.0,0.0,-0.3818412887916557,0.0,0.0,4.323689242781089,-0.7526983644698776,0.0,0.0,-0.6583655307364227,0.0,0.0,3.5909189470658975
-0.9157639946295152,0.0,0.0,-0.40171820363084343,0.0,0.0,4.318151668961345,-0.7407569937964491,0.0,0.0,-0.6717730837707305,0.0,0.0,3.5909189470658975
-0.9068795606766982,0.0,0.0,-0.42139135185429716,0.0,0.0,4.316513564676378,-0.7285768335785597,0.0,0.0,-0.6849640848318533,0.0,0.0,3.5909189470658975
-0.8975804981983732,0.0,0.0,-0.44085196864195964,0.0,0.0,4.3109421789400875,-0.7161618101981867,0.0,0.0,-0.6979342816843606,0.0,0.0,3.5909189470658975
-0.8878723167100327,0.0,0.0,-0.4600912498888403,0.0,0.0,4.309189649346891,-0.7035159257475172,0.0,0.0,-0.710679493271004,0.0,0.0,3.5909189470658975
-0.8777606175857091,0.0,0.0,-0.4791007276457228,0.0,0.0,4.30358798778108,-0.6906432567388388,0.0,0.0,-0.7231956110605186,0.0,0.0,3.5909189470658975
-0.8672512743236975,0.0,0.0,-0.49787190742402126,0.0,0.0,4.301725130893704,-0.6775479527904394,0.0,0.0,-0.7354786003720434,0.0,0.0,3.5909189470658975
-0.8563502359980829,0.0,0.0,-0.5163966327687783,0.0,0.0,4.296096679074699,-0.6642342352889423,0.0,0.0,-0.7475245016757368,0.0,0.0,3.5909189470658975
-0.8450637215838975,0.0,0.0,-0.5346667331103457,0.0,0.0,4.294127530921528,-0.6507063960285037,0.0,0.0,-0.7593294318691657,0.0,0.0,3.5909189470658975
-0.8333980094007242,0.0,0.0,-0.5526743769796254,0.0,0.0,4.288475723565757,-0.6369687958273157,0.0,0.0,-0.7708895855290577,0.0,0.0,3.5909189470658975
-0.8213596449305948,0.0,0.0,-0.5704117308802504,0.0,0.0,4.2864042587966,-0.6230258631218583,0.0,0.0,-0.7822012361380131,0.0,0.0,3.5909189470658975
-0.8089552168635876,0.0,0.0,-0.587871300682623,0.0,0.0,4.280732479342438,-0.6088820925393533,0.0,0.0,-0.7932607372857803,0.0,0.0,3.5909189470658975
-0.7961915778270411,0.0,0.0,-0.6050456019656503,0.0,0.0,4.278562611747325,-0.5945420434488824,0.0,0.0,-0.8040645238447085,0.0,0.0,3.5909189470658975
-0.7830756076567447,0.0,0.0,-0.62192748915325,0.0,0.0,4.272874191874555,-0.5800103384916334,0.0,0.0,-0.8146091131189981,0.0,0.0,3.5909189470658975
-0.7696144464420881,0.0,0.0,-0.638509837749472,0.0,0.0,4.270609774820745,-0.5652916620907521,0.0,0.0,-0.8248911059673779,0.0,0.0,3.5909189470658975
-0.7558152456591991,0.0,0.0,-0.654785860808762,0.0,0.0,4.2649079939142425,-0.5503907589412764,0.0,0.0,-0.834907187898849,0.0,0.0,3.5909189470658975
-0.7416854129235216,0.0,0.0,-0.6707488034624823,0.0,0.0,4.262552820707881,-0.5353124324806426,0.0,0.0,-0.8446541301411394,0.0,0.0,3.5909189470658975
-0.7272323516330358,0.0,0.0,-0.6863922463423255,0.0,0.0,4.256840905272108,-0.5200615433402547,0.0,0.0,-0.8541287906815278,0.0,0.0,3.5909189470658975
-0.7124637168075076,0.0,0.0,-0.7017098127698566,0.0,0.0,4.254398709450859,-0.504643007778617,0.0,0.0,-0.8633281152796987,0.0,0.0,3.5909189470658975
-0.6973871439007029,0.0,0.0,-0.7166954587810263,0.0,0.0,4.248679832481736,-0.48906179609653533,0.0,0.0,-0.8722491384523037,0.0,0.0,3.5909189470658975
-0.6820105150942251,0.0,0.0,-0.7313431933234076,0.0,0.0,4.246154288044603,-0.47332293103489614,0.0,0.0,-0.8808889844289116,0.0,0.0,3.5909189470658975
-0.6663416779473618,0.0,0.0,-0.7456473545587512,0.0,0.0,4.240431568365235,-0.45743148615554213,0.0,0.0,-0.8892448680790379,0.0,0.0,3.5909189470658975
-0.6503887215030777,0.0,0.0,-0.7596023433851055,0.0,0.0,4.237826289945666,-0.44139258420576477,0.0,0.0,-0.8973140958099564,0.0,0.0,3.5909189470658975
-0.6341596854527737,0.0,0.0,-0.7732028857237503,0.0,0.0,4.232102791512346,-0.42521139546694153,0.0,0.0,-0.9050940664350022,0.0,0.0,3.5909189470658975
-0.6176628454026757,0.0,0.0,-0.7864437796554037,0.0,0.0,4.229421334500566,-0.4088931360878502,0.0,0.0,-0.9125822720120876,0.0,0.0,3.5909189470658975
-0.6009064132383027,0.0,0.0,-0.7993201434276298,0.0,0.0,4.223700065685341,-0.3924430664031973,0.0,0.0,-0.9197762986521592,0.0,0.0,3.5909189470658975
-0.5838988308912392,0.0,0.0,-0.8118271764658805,0.0,0.0,4.22094592630571,-0.3758664892379029,0.0,0.0,-0.9266738272973359,0.0,0.0,3.5909189470658975
-0.566648462594463,0.0,0.0,-0.8239603928675605,0.0,0.0,4.215229839161683,-0.3591687481976881,0.0,0.0,-0.9332726344684785,0.0,0.0,3.5909189470658975
-0.5491638964823563,0.0,0.0,-0.8357153965197675,0.0,0.0,4.212406454510708,-0.34235522594651696,0.0,0.0,-0.9395705929819468,0.0,0.0,3.5909189470658975
-0.5314536294331991,0.0,0.0,-0.8470880998765686,0.0,0.0,4.2066984440260775,-0.325431342471447,0.0,0.0,-0.9455656726353167,0.0,0.0,3.5909189470658975
-0.5135263758293074,0.0,0.0,-0.8580745133860339,0.0,0.0,4.203809192076537,-0.30840255333544886,0.0,0.0,-0.9512559408618334,0.0,0.0,3.5909189470658975
-0.49539074568692054,0.0,0.0,-0.8686709493778862,0.0,0.0,4.198112095423214,-0.29127434791875734,0.0,0.0,-0.9566395633533918,0.0,0.0,3.5909189470658975
-0.47705555989859805,0.0,0.0,-0.8788738259728174,0.0,0.0,4.1951602949996545,-0.2740522476493214,0.0,0.0,-0.9617148046518416,0.0,0.0,3.5909189470658975
-0.45852952235338645,0.0,0.0,-0.8886798559384661,0.0,0.0,4.189476890782117,-0.2567418042229232,0.0,0.0,-0.9664800287084272,0.0,0.0,3.5909189470658975
-0.4398215409800973,0.0,0.0,-0.8980858652241217,0.0,0.0,4.186465801512806,-0.23934859781353998,0.0,0.0,-0.970933699411183,0.0,0.0,3.5909189470658975
-0.4209403945620041,0.0,0.0,-0.9070889666739067,0.0,0.0,4.180798809022611,-0.2218782352745259,0.0,0.0,-0.9750743810801126,0.0,0.0,3.5909189470658975
-0.40189505889740174,0.0,0.0,-0.9156863932998647,0.0,0.0,4.177731631272797,-0.2043363483311934,0.0,0.0,-0.9789007389299923,0.0,0.0,3.5909189470658975
-0.38269436901312853,0.0,0.0,-0.9238756567722163,0.0,0.0,4.172083709753998,-0.1867285917653769,0.0,0.0,-0.9824115395006515,0.0,0.0,3.5909189470658975
-0.3633473497579042,0.0,0.0,-0.9316543955135613,0.0,0.0,4.168963584545156,-0.16906064159256406,0.0,0.0,-0.9856056510545893,0.0,0.0,3.5909189470658975
-0.34386287411767497,0.0,0.0,-0.9390205179170769,0.0,0.0,4.163337332475593,-0.15133819323218223,0.0,0.0,-0.9884820439417997,0.0,0.0,3.5909189470658975
-0.32424999755767275,0.0,0.0,-0.9459720653142034,0.0,0.0,4.160167341395074,-0.1335669596716297,0.0,0.0,-0.991039790931689,0.0,0.0,3.5909189470658975
-0.3045176131399231,0.0,0.0,-0.9525073399025974,0.0,0.0,4.154565295788303,-0.11575266962464402,0.0,0.0,-0.9932780675119762,0.0,0.0,3.5909189470658975
-0.28467478893178755,0.0,0.0,-0.9586247826092887,0.0,0.0,4.151348460893619,-0.09790106568460044,0.0,0.0,-0.995196152154482,0.0,0.0,3.5909189470658975
-0.2647304206219411,0.0,0.0,-0.9643230857410158,0.0,0.0,4.1457730966259465,-0.08001790247333654,0.0,0.0,-0.9967934265477196,0.0,0.0,3.5909189470658975
-0.24469357131637123,0.0,0.0,-0.9696010857345108,0.0,0.0,4.142512380347676,-0.06210894478609903,0.0,0.0,-0.9980693757962134,0.0,0.0,3.5909189470658975
-0.2245731223437145,0.0,0.0,-0.9744578605724655,0.0,0.0,4.136966109514553,-0.04417996573321127,0.0,0.0,-0.9990235885864793,0.0,0.0,3.5909189470658975
-0.20437811476430492,0.0,0.0,-0.9788926373823964,0.0,0.0,4.133664414561631,-0.026236744879060265,0.0,0.0,-0.9996557573196161,0.0,0.0,3.5909189470658975
-0.18411739904895205,0.0,0.0,-0.9829048746918386,0.0,0.0,4.128149585867345,-0.008285066379003152,0.0,0.0,-0.9999656782104618,0.0,0.0,3.5909189470658975
-0.16379997763266724,0.0,0.0,-0.986494184807245,0.0,0.0,4.124809755138261,0.009669282885206236,0.0,0.0,-0.9999532513532862,0.0,0.0,3.5909189470658975
-0.1434346541427692,0.0,0.0,-0.989660401012011,0.0,0.0,4.119328653322628,0.027620515170869702,0.0,0.0,-0.9996184807539962,0.0,0.0,3.5909189470658975
-0.12303037633637194,0.0,0.0,-0.9924035146271489,0.0,0.0,4.115953469825837,0.04556284374007455,0.0,0.0,-0.9989614743288444,0.0,0.0,3.5909189470658975
-0.1025958855441238,0.0,0.0,-0.9947237272853303,0.0,0.0,4.110508315131294,0.06349048472509955,0.0,0.0,-0.9979824438696414,0.0,0.0,3.5909189470658975
-0.08214005933941321,0.0,0.0,-0.9966214025457338,0.0,0.0,4.107100501917901,0.08139765899289565,0.0,0.0,-0.9966817049754829,0.0,0.0,3.5909189470658975
-0.061671561853093776,0.0,0.0,-0.9980971034063771,0.0,0.0,4.101693449600129,0.09927859400804044,0.0,0.0,-0.9950596769510134,0.0,0.0,3.5909189470658975
-0.041199185532645455,0.0,0.0,-0.9991515583166422,0.0,0.0,4.098255669711676,0.11712752569356583,0.0,0.0,-0.9931168826712597,0.0,0.0,3.5909189470658975
-0.02073150297092774,0.0,0.0,-0.9997856841186816,0.0,0.0,4.092888809596606,0.13493870028905902,0.0,0.0,-0.9908539484130778,0.0,0.0,3.5909189470658975
-0.0002772071252091779,0.0,0.0,-1.0000005662727638,0.0,0.0,4.089423666030572,0.15270637620543792,0.0,0.0,-0.9882716036532666,0.0,0.0,3.5909189470658975
0.02015523471065456,0.0,0.0,-0.9997974674463995,0.0,0.0,4.08409902212034,0.17042482587580293,0.0,0.0,-0.9853706808334148,0.0,0.0,3.5909189470658975
0.040557242844361616,0.0,0.0,-0.9991778217399025,0.0,0.0,4.080609057815718,0.18808833760176868,0.0,0.0,-0.9821521150915562,0.0,0.0,3.5909189470658975
0.060920468455117005,0.0,0.0,-0.9981432291690149,0.0,0.0,4.075328587945862,0.20569121739468024,0.0,0.0,-0.9786169439607195,0.0,0.0,3.5909189470658975
0.08123645829158822,0.0,0.0,-0.9966954636510308,0.0,0.0,4.071816285790978,0.2232277908111206,0.0,0.0,-0.9747663070344704,0.0,0.0,3.5909189470658975
0.10149699458577263,0.0,0.0,-0.994836453653028,0.0,0.0,4.066581881340881,0.24069240478211745,0.0,0.0,-0.9706014455995537,0.0,0.0,3.5909189470658975
0.12169376309770437,0.0,0.0,-0.9925683036726315,0.0,0.0,4.063049664205374,0.2580794294354599,0.0,0.0,-0.9661237022357535,0.0,0.0,3.5909189470658975
0.14181868909248235,0.0,0.0,-0.9898932613494112,0.0,0.0,4.057863149863721,0.27538325991053725,0.0,0.0,-0.9613345203831006,0.0,0.0,3.5909189470658975
0.16186360930168328,0.0,0.0,-0.9868137521489465,0.0,0.0,4.054313380656402,0.2925983181651153,0.0,0.0,-0.9562354438765673,0.0,0.0,3.5909189470658975
0.18182060340145165,0.0,0.0,-0.9833323332594553,0.0,0.0,4.049176514243094,0.30971905477346734,0.0,0.0,-0.9508281164483984,0.0,0.0,3.5909189470658975
0.2016816704423626,0.0,0.0,-0.9794517411633367,0.0,0.0,4.045611495997202,0.32673995071528056,0.0,0.0,-0.9451142811982391,0.0,0.0,3.5909189470658975
0.22143905528627297,0.0,0.0,-0.9751748326645848,0.0,0.0,4.040525968342973,0.3436555191547607,0.0,0.0,-0.9390957800312326,0.0,0.0,3.5909189470658975
0.24108493003698775,0.0,0.0,-0.9705046450085081,0.0,0.0,4.036947944330105,0.3604603072093621,0.0,0.0,-0.9327745530642647,0.0,0.0,3.5909189470658975
0.2606117149144578,0.0,0.0,-0.9654443244078864,0.0,0.0,4.031915379214785,0.3771488977075723,0.0,0.0,-0.9261526380005506,0.0,0.0,3.5909189470658975
0.28001176519809046,0.0,0.0,-0.9599971983491632,0.0,0.0,4.028326533088643,0.3937159109351851,0.0,0.0,-0.919232169472763,0.0,0.0,3.5909189470658975
0.2992776860387955,0.0,0.0,-0.9541666920065605,0.0,0.0,4.023348487238782,0.4101560063694987,0.0,0.0,-0.9120153783549145,0.0,0.0,3.5909189470658975
0.3184020254052052,0.0,0.0,-0.9479564123517825,0.0,0.0,4.019750943209609,0.42646388440088057,0.0,0.0,-0.9045045910432162,0.0,0.0,3.5909189470658975
0.33737758235695164,0.0,0.0,-0.9413700528653554,0.0,0.0,4.014828906355956,0.4426342880411429,0.0,0.0,-0.8967022287061426,0.0,0.0,3.5909189470658975
0.3561971064614903,0.0,0.0,-0.9344114890468259,0.0,0.0,4.011224729396424,0.4586620046181794,0.0,0.0,-0.888610806503947,0.0,0.0,3.5909189470658975
0.3748535990757724,0.0,0.0,-0.9270846718513832,0.0,0.0,4.006360124391478,0.47454186745631594,0.0,0.0,-0.8802329327778775,0.0,0.0,3.5909189470658975
0.39334001967786714,0.0,0.0,-0.9193937341787465,0.0,0.0,4.002751320474574,0.49026875754183397,0.0,0.0,-0.8715713082093551,0.0,0.0,3.5909189470658975
0.41164957972879956,0.0,0.0,-0.9113428734806054,0.0,0.0,3.997945503470262,0.5058376051731297,0.0,0.0,-0.8626287249493854,0.0,0.0,3.5909189470658975
0.4297754563388166,0.0,0.0,-0.9029364687889161,0.0,0.0,3.994334019839562,0.5212433915949772,0.0,0.0,-0.8534080657184837,0.0,0.0,3.5909189470658975
0.4477110783065191,0.0,0.0,-0.8941789529558196,0.0,0.0,3.9895882805248273,0.5364811506163684,0.0,0.0,-0.8439123028774052,0.0,0.0,3.5909189470658975
0.46544984751449264,0.0,0.0,-0.8850749397659553,0.0,0.0,3.9859760059973843,0.551545970211408,0.0,0.0,-0.8341444974689778,0.0,0.0,3.5909189470658975
0.48298541676889273,0.0,0.0,-0.875629086285241,0.0,0.0,3.9812915678953287,0.5664329941027493,0.0,0.0,-0.8241077982313484,0.0,0.0,3.5909189470658975
0.5003114192933446,0.0,0.0,-0.865846229587111,0.0,0.0,3.9776803331972608,0.5811374233270569,0.0,0.0,-0.8138054405829592,0.0,0.0,3.5909189470658975
0.5174217380187618,0.0,0.0,-0.8557312396998316,0.0,0.0,3.9730583540212407,0.5956545177819955,0.0,0.0,-0.803240745579582,0.0,0.0,3.5909189470658975
0.5343102435179945,0.0,0.0,-0.8452891654633125,0.0,0.0,3.96944993215595,0.6099795977542437,0.0,0.0,-0.7924171188437468,0.0,0.0,3.5909189470658975
0.5509710544227924,0.0,0.0,-0.8345250785764586,0.0,0.0,3.9648915042238797,0.6241080454280404,0.0,0.0,-0.781338049466909,0.0,0.0,3.5909189470658975
0.5673982841147307,0.0,0.0,-0.8234442280894229,0.0,0.0,3.9612876108727093,0.6380353063737786,0.0,0.0,-0.7700071088847106,0.0,0.0,3.5909189470658975
0.5835862919737816,0.0,0.0,-0.8120518760628295,0.0,0.0,3.9567937615786395,0.651756891016166,0.0,0.0,-0.7584279497256959,0.0,0.0,3.5909189470658975
0.5995294391136666,0.0,0.0,-0.8003534601900588,0.0,0.0,3.953196055533639,0.6652683760814792,0.0,0.0,-0.746604304633855,0.0,0.0,3.5909189470658975
0.6152223301943862,0.0,0.0,-0.7883544215890064,0.0,0.0,3.948767747875532,0.6785654060234445,0.0,0.0,-0.7345399850653724,0.0,0.0,3.5909189470658975
0.6306595784624219,0.0,0.0,-0.7760603750402315,0.0,0.0,3.9451778315039014,0.6916436944272875,0.0,0.0,-0.7222388800599715,0.0,0.0,3.5909189470658975
0.6458360378877097,0.0,0.0,-0.763476929439224,0.0,0.0,3.940815964666359,0.7044990253914957,0.0,0.0,-0.7097049549872473,0.0,0.0,3.5909189470658975
0.6607465777411344,0.0,0.0,-0.7506098651290256,0.0,0.0,3.9372353844060135,0.7171272548868523,0.0,0.0,-0.6969422502683955,0.0,0.0,3.5909189470658975
0.675386304844725,0.0,0.0,-0.7374649475467544,0.0,0.0,3.9329407943966017,0.7295243120922998,0.0,0.0,-0.6839548800737466,0.0,0.0,3.5909189470658975
0.6897503478907445,0.0,0.0,-0.7240481111236288,0.0,0.0,3.929371041282217,0.7416862007072059,0.0,0.0,-0.6707470309965269,0.0,0.0,3.5909189470658975
0.7038340696222468,0.0,0.0,-0.7103652666637466,0.0,0.0,3.9251445016198825,0.7536090002396054,0.0,0.0,-0.6573229607032735,0.0,0.0,3.5909189470658975
0.7176328610698552,0.0,0.0,-0.6964224912803041,0.0,0.0,3.9215870118386733,0.7652888672700058,0.0,0.0,-0.6436869965613375,0.0,0.0,3.5909189470658975
0.7311423435081607,0.0,0.0,-0.6822258300473506,0.0,0.0,3.9174292342926464,0.7767220366903473,0.0,0.0,-0.6298435342439199,0.0,0.0,3.5909189470658975
0.7443581727580932,0.0,0.0,-0.6677814914383955,0.0,0.0,3.913885389769064,0.7879048229177187,0.0,0.0,-0.6157970363130865,0.0,0.0,3.5909189470658975
0.7572762307928773,0.0,0.0,-0.6530956437930647,0.0,0.0,3.909797025146532,0.7988336210824373,0.0,0.0,-0.6015520307812223,0.0,0.0,3.5909189470658975
0.7698924402258214,0.0,0.0,-0.6381746157232192,0.0,0.0,3.906268154154973,0.8095049081901105,0.0,0.0,-0.5871131096513871,0.0,0.0,3.5909189470658975
0.782202945467585,0.0,0.0,-0.6230246879361463,0.0,0.0,3.9022497931357165,0.8199152442573041,0.0,0.0,-0.572484927437042,0.0,0.0,3.5909189470658975
0.7942039374913343,0.0,0.0,-0.6076522980737514,0.0,0.0,3.8987371709402803,0.8300612734204516,0.0,0.0,-0.5576721996616268,0.0,0.0,3.5909189470658975
0.8058918244708356,0.0,0.0,-0.5920638284321456,0.0,0.0,3.8947893449563793,0.8399397250176457,0.0,0.0,-0.5426797013384691,0.0,0.0,3.5909189470658975
0.8172630668873342,0.0,0.0,-0.5762658147014014,0.0,0.0,3.8912941944766484,0.8495474146429656,0.0,0.0,-0.5275122654315164,0.0,0.0,3.5909189470658975
0.8283143376053832,0.0,0.0,-0.5602647301181727,0.0,0.0,3.887417376635294,0.8588812451729978,0.0,0.0,-0.5121747812973882,0.0,0.0,3.5909189470658975
0.8390423673585888,0.0,0.0,-0.5440671975768938,0.0,0.0,3.883940869137051,0.8679382077652218,0.0,0.0,-0.4966721931092485,0.0,0.0,3.5909189470658975
0.8494440942470323,0.0,0.0,-0.5276797707474243,0.0,0.0,3.8801354751844306,0.8767153828279363,0.0,0.0,-0.48100949826300765,0.0,0.0,3.5909189470658975
0.8595165196122622,0.0,0.0,-0.5111091490333848,0.0,0.0,3.876678730994193,0.8852099409614156,0.0,0.0,-0.46519174576636846,0.0,0.0,3.5909189470658975
0.8692568469665948,0.0,0.0,-0.4943619561807932,0.0,0.0,3.872945120318361,0.8934191438699917,0.0,0.0,-0.4492240346112335,0.0,0.0,3.5909189470658975
0.8786623482415105,0.0,0.0,-0.47744495756543215,0.0,0.0,3.8695092095605585,0.9013403452447678,0.0,0.0,-0.4331115121300005,0.0,0.0,3.5909189470658975
0.8877304921849407,0.0,0.0,-0.46036483681107765,0.0,0.0,3.8658476862311724,0.9089709916166795,0.0,0.0,-0.41685937233627407,0.0,0.0,3.5909189470658975
0.8964588209416158,0.0,0.0,-0.4431284148953383,0.0,0.0,3.8624336295867776,0.9163086231796278,0.0,0.0,-0.4004728542505299,0.0,0.0,3.5909189470658975
0.9048450679796004,0.0,0.0,-0.42574242528741524,0.0,0.0,3.858844443429515,0.9233508745834194,0.0,0.0,-0.38395724021127026,0.0,0.0,3.5909189470658975
0.9128870449362123,0.0,0.0,-0.40821373437069797,0.0,0.0,3.8554532129148913,0.9300954756962582,0.0,0.0,-0.3673178541722155,0.0,0.0,3.5909189470658975
0.9205827491594811,0.0,0.0,-0.3905491156000886,0.0,0.0,3.8519365606183644,0.9365402523365423,0.0,0.0,-0.35056005998608103,0.0,0.0,3.5909189470658975
0.9279302607290897,0.0,0.0,-0.37275547074972387,0.0,0.0,3.848569080383094,0.9426831269737305,0.0,0.0,-0.33368925967549157,0.0,0.0,3.5909189470658975
0.934927839722034,0.0,0.0,-0.35483960357880434,0.0,0.0,3.8451251066360386,0.9485221193980528,0.0,0.0,-0.3167108916915921,0.0,0.0,3.5909189470658975
0.9415738332946904,0.0,0.0,-0.3368084414240857,0.0,0.0,3.841782253778459,0.9540553473588481,0.0,0.0,-0.2996304291609149,0.0,0.0,3.5909189470658975
0.9478667628046927,0.0,0.0,-0.31866880885092846,0.0,0.0,3.838411052434966,0.9592810271713248,0.0,0.0,-0.2824533781210691,0.0,0.0,3.5909189470658975
0.9538052408177639,0.0,0.0,-0.30042764912260134,0.0,0.0,3.8350936578341486,0.9641974742915467,0.0,0.0,-0.26518527574582074,0.0,0.0,3.5909189470658975
0.9593880482396379,0.0,0.0,-0.2820917982999745,0.0,0.0,3.8317952731047025,0.968803103859461,0.0,0.0,-0.24783168856013638,0.0,0.0,3.5909189470658975
0.9646140610897683,0.0,0.0,-0.2636682061331418,0.0,0.0,3.828504122267594,0.9730964312097918,0.0,0.0,-0.23039821064576438,0.0,0.0,3.5909189470658975
0.9694823178179599,0.0,0.0,-0.24516371105888315,0.0,0.0,3.825278549933683,0.9770760723506352,0.0,0.0,-0.21289046183793353,0.0,0.0,3.5909189470658975
0.9739919556665319,0.0,0.0,-0.2265852600745722,0.0,0.0,3.8220143838561276,0.9807407444096008,0.0,0.0,-0.19531408591374963,0.0,0.0,3.5909189470658975
0.9781422683661343,0.0,0.0,-0.20793968506730037,0.0,0.0,3.8188615725061945,0.9840892660473575,0.0,0.0,-0.17767474877287412,0.0,0.0,3.5909189470658975
0.9819326518884505,0.0,0.0,-0.1892339212454249,0.0,0.0,3.815625088546566,0.9871205578384482,0.0,0.0,-0.1599781366110715,0.0,0.0,3.5909189470658975
0.9853626527344166,0.0,0.0,-0.17047478521714649,0.0,0.0,3.8125449408310863,0.9898336426192524,0.0,0.0,-0.14222995408721392,0.0,0.0,3.5909189470658975
0.9884319228611335,0.0,0.0,-0.15166919157129735,0.0,0.0,3.8093367935952593,0.9922276458029835,0.0,0.0,-0.12443592248433424,0.0,0.0,3.5909189470658975
0.9911402587933467,0.0,0.0,-0.1328239331062685,0.0,0.0,3.806329167498751,0.9943017956616191,0.0,0.0,-0.10660177786531994,0.0,0.0,3.5909189470658975
0.9934875654909435,0.0,0.0,-0.11394589516866592,0.0,0.0,3.8031499697351565,0.9960554235746751,0.0,0.0,-0.08873326922384271,0.0,0.0,3.5909189470658975
0.9954738865310503,0.0,0.0,-0.09504183841586566,0.0,0.0,3.8002146798629495,0.9974879642447407,0.0,0.0,-0.07083615663111974,0.0,0.0,3.5909189470658975
0.9970993766663473,0.0,0.0,-0.07611861053890312,0.0,0.0,3.7970650033664723,0.9985989558797074,0.0,0.0,-0.05291620937910392,0.0,0.0,3.5909189470658975
0.9983643233404714,0.0,0.0,-0.05718293192366894,0.0,0.0,3.7942018222440934,0.9993880403416314,0.0,0.0,-0.03497920412070181,0.0,0.0,3.5909189470658975
0.9992691276724185,0.0,0.0,-0.03824160440276588,0.0,0.0,3.791082198767589,0.9998549632621833,0.0,0.0,-0.017030923007618624,0.0,0.0,3.5909189470658975
0.999814317582082,0.0,0.0,-0.019301300161521574,0.0,0.0,3.788290858150661,0.9999995741246448,0.0,0.0,0.0009228481735692774,0.0,0.0,3.5909189470658975
1.0000005369222478,0.0,0.0,-0.00036876718247297324,0.0,0.0,3.7852017803228866,0.9998218263124302,0.0,0.0,0.01887632186651372,0.0,0.0,3.5909189470658975
0.9998285505040336,0.0,0.0,0.018549378276961067,0.0,0.0,3.782481972515467,0.9993217771241131,0.0,0.0,0.03682371061076447,0.0,0.0,3.5909189470658975
0.999299241085436,0.0,0.0,0.037446449864303094,0.0,0.0,3.779423894764249,0.9984995877549555,0.0,0.0,0.05475922890740813,0.0,0.0,3.5909189470658975
0.9984136065981465,0.0,0.0,0.05631589477559458,0.0,0.0,3.7767752739435823,0.9973555232449458,0.0,0.0,0.07267709508407469,0.0,0.0,3.5909189470658975
0.9971727646902955,0.0,0.0,0.075151095856656,0.0,0.0,3.7737486134230656,0.9958899523933601,0.0,0.0,0.09057153315871055,0.0,0.0,3.5909189470658975
0.9955779424666042,0.0,0.0,0.0939455710809208,0.0,0.0,3.7711707969687733,0.994103347639877,0.0,0.0,0.10843677470151726,0.0,0.0,3.5909189470658975
0.9936304882728905,0.0,0.0,0.11269277984913026,0.0,0.0,3.7681759344896246,0.9919962849122821,0.0,0.0,0.12626706069445567,0.0,0.0,3.5909189470658975
0.9913318542707636,0.0,0.0,0.13138631803479478,0.0,0.0,3.765668504315397,0.989569443440813,0.0,0.0,0.14405664338771615,0.0,0.0,3.5909189470658975
0.9886836151426175,0.0,0.0,0.15001972873894187,0.0,0.0,3.7627057852768666,0.9868236055392032,0.0,0.0,0.1617997881525564,0.0,0.0,3.5909189470658975
0.9856874438300941,0.0,0.0,0.16858669265713355,0.0,0.0,3.7602682891627786,0.9837596563524966,0.0,0.0,0.1794907753299096,0.0,0.0,3.5909189470658975
0.9823451368306847,0.0,0.0,0.18708084352533322,0.0,0.0,3.757338024485556,0.9803785835717128,0.0,0.0,0.19712390207416677,0.0,0.0,3.5909189470658975
0.978658583435977,0.0,0.0,0.2054959535830849,0.0,0.0,3.754969977409187,0.9766814771154565,0.0,0.0,0.2146934841915395,0.0,0.0,3.5909189470658975
0.9746297972846115,0.0,0.0,0.2238257539259138,0.0,0.0,3.7520724444680122,0.9726695287785726,0.0,0.0,0.2321938579724097,0.0,0.0,3.5909189470658975
0.9702608794419031,0.0,0.0,0.24206411485999735,0.0,0.0,3.749773329932597,0.9683440318479606,0.0,0.0,0.2496193820170765,0.0,0.0,3.5909189470658975
0.9655540558687407,0.0,0.0,0.2602048713558367,0.0,0.0,3.7469087734876365,0.963706380685672,0.0,0.0,0.26696443905431105,0.0,0.0,3.5909189470658975
0.9605116346885476,0.0,0.0,0.27824199811045,0.0,0.0,3.744678044845548,0.9587580702794261,0.0,0.0,0.2842234377521334,0.0,0.0,3.5909189470658975
0.9551360492277573,0.0,0.0,0.29616944027642,0.0,0.0,3.741846677971562,0.9535006957606862,0.0,0.0,0.3013908145202276,0.0,0.0,3.5909189470658975
0.9494298098192676,0.0,0.0,0.313981283068248,0.0,0.0,3.7396837597414714,0.9479359518904564,0.0,0.0,0.3184610353034142,0.0,0.0,3.5909189470658975
0.9433955520673476,0.0,0.0,0.33167158792036394,0.0,0.0,3.736885764753849,0.9420656325129595,0.0,0.0,0.33542859736560154,0.0,0.0,3.5909189470658975
0.9370359835387749,0.0,0.0,0.3492345564947279,0.0,0.0,3.7347900539299896,0.9358916299773758,0.0,0.0,0.35228803106364137,0.0,0.0,3.5909189470658975
0.9303539369034085,0.0,0.0,0.3666643724010517,0.0,0.0,3.7320255833067604,0.9294159345278278,0.0,0.0,0.3690339016105164,0.0,0.0,3.5909189470658975
0.9233523118650965,0.0,0.0,0.38395535948296017,0.0,0.0,3.7299964506587675,0.922640633661807,0.0,0.0,0.38566081082729187,0.0,0.0,3.5909189470658975
0.916034132828658,0.0,0.0,0.40110182921357884,0.0,0.0,3.7272656279577254,0.9155679114572514,0.0,0.0,0.402163398883266,0.0,0.0,3.5909189470658975
0.9084024864224466,0.0,0.0,0.4180982331575076,0.0,0.0,3.725302419319605,0.908200047868488,0.0,0.0,0.4185363460237588,0.0,0.0,3.5909189470658975
0.9004605833430875,0.0,0.0,0.43493901613514246,0.0,0.0,3.7226053400897356,0.90053941799127,0.0,0.0,0.43477437428498156,0.0,0.0,3.5909189470658975
0.8922116918203098,0.0,0.0,0.45161876277730917,0.0,0.0,3.7207073776365696,0.8925884912971436,0.0,0.0,0.4508722491954355,0.0,0.0,3.5909189470658975
0.8836592032924516,0.0,0.0,0.46813205653226414,0.0,0.0,3.718044110322994,0.8843498308373917,0.0,0.0,0.46682478146328926,0.0,0.0,3.5909189470658975
0.8748065621618697,0.0,0.0,0.4844736202490316,0.0,0.0,3.7162106938340647,0.8758260924168123,0.0,0.0,0.48262682864919315,0.0,0.0,3.5909189470658975
0.8656573349569143,0.0,0.0,0.5006381810820261,0.0,0.0,3.7135812806757538,0.8670200237375961,0.0,0.0,0.49827329682398974,0.0,0.0,3.5909189470658975
0.8562151367229276,0.0,0.0,0.5166206050578788,0.0,0.0,3.711811688782827,0.8579344635135806,0.0,0.0,0.5137591422107868,0.0,0.0,3.5909189470658975
0.8464837033300617,0.0,0.0,0.5324157679140938,0.0,0.0,3.709216146702385,0.8485723405551655,0.0,0.0,0.529079372810863,0.0,0.0,3.5909189470658975
0.8364668148406287,0.0,0.0,0.5480186836223903,0.0,0.0,3.7075096381219734,0.8389366728251851,0.0,0.0,0.5442290500128832,0.0,0.0,3.5909189470658975
0.8261683706267481,0.0,0.0,0.5634243811797938,0.0,0.0,3.7049479596068147,0.8290305664660415,0.0,0.0,0.5592032901849029,0.0,0.0,3.5909189470658975
0.815592310049656,0.0,0.0,0.5786280270792118,0.0,0.0,3.7033037743552906,0.8188572147984114,0.0,0.0,0.5739972662486501,0.0,0.0,3.5909189470658975
0.804742690056674,0.0,0.0,0.5936248080539211,0.0,0.0,3.7007759283295822,0.8084198972918524,0.0,0.0,0.5886062092355767,0.0,0.0,3.5909189470658975
0.7936236035020696,0.0,0.0,0.6084100475031919,0.0,0.0,3.6991932889200956,0.7977219785076357,0.0,0.0,0.6030254098241773,0.0,0.0,3.5909189470658975
0.7822392588991912,0.0,0.0,0.6229790941742981,0.0,0.0,3.6966992216068637,0.7867669070141512,0.0,0.0,0.6172502198580807,0.0,0.0,3.5909189470658975
0.770593896705646,0.0,0.0,0.6373274325674743,0.0,0.0,3.695177334227074,0.7755582142752304,0.0,0.0,0.6312760538444239,0.0,0.0,3.5909189470658975
0.7586918709135942,0.0,0.0,0.6514505775233882,0.0,0.0,3.692716969999918,0.7640995135117483,0.0,0.0,0.6450983904320262,0.0,0.0,3.5909189470658975
0.7465375636144224,0.0,0.0,0.6653441786475183,0.0,0.0,3.69125502566962,0.7523944985368697,0.0,0.0,0.6587127738688867,0.0,0.0,3.5909189470658975
0.7341354681180865,0.0,0.0,0.6790039207555211,0.0,0.0,3.688828267893506,0.7404469425653157,0.0,0.0,0.672114815438535,0.0,0.0,3.5909189470658975
0.7214901021041588,0.0,0.0,0.6924256223722184,0.0,0.0,3.6874254436012963,0.7282606969970353,0.0,0.0,0.6853001948747728,0.0,0.0,3.5909189470658975
0.7086060919696998,0.0,0.0,0.7056051419725021,0.0,0.0,3.685032175461941,0.7158396901756721,0.0,0.0,0.6982646617543495,0.0,0.0,3.5909189470658975
0.6954880848645989,0.0,0.0,0.7185384706244963,0.0,0.0,3.683687635280133,0.7031879261222284,0.0,0.0,0.7110040368671243,0.0,0.0,3.5909189470658975
0.6821408339766881,0.0,0.0,0.7312216439495876,0.0,0.0,3.681327720601524,0.6903094832443337,0.0,0.0,0.7235142135632705,0.0,0.0,3.5909189470658975
0.6685691097397329,0.0,0.0,0.7436508289929517,0.0,0.0,3.680040616778584,0.6772085130215341,0.0,0.0,0.7357911590770908,0.0,0.0,3.5909189470658975
0.6547777857743198,0.0,0.0,0.7558222418130096,0.0,0.0,3.67771390082821,0.6638892386670261,0.0,0.0,0.7478309158270148,0.0,0.0,3.5909189470658975
0.6407717495467392,0.0,0.0,0.7677322286753588,0.0,0.0,3.6764833748580585,0.6503559537662669,0.0,0.0,0.7596296026913602,0.0,0.0,3.5909189470658975
0.6265559886945319,0.0,0.0,0.7793771891694495,0.0,0.0,3.6741896851394626,0.636613020892899,0.0,0.0,0.7711834162594466,0.0,0.0,3.5909189470658975
0.6121355014038945,0.0,0.0,0.7907536518340211,0.0,0.0,3.6730148688070248,0.6226648702024363,0.0,0.0,0.7824886320576586,0.0,0.0,3.5909189470658975
0.5975153828595998,0.0,0.0,0.8018582026870875,0.0,0.0,3.6707540158393233,0.6085159980041647,0.0,0.0,0.7935416057500624,0.0,0.0,3.5909189470658975
0.5827007355974999,0.0,0.0,0.8126875554022367,0.0,0.0,3.669634032241802,0.5941709653117164,0.0,0.0,0.8043387743131897,0.0,0.0,3.5909189470658975
0.5676967558297922,0.0,0.0,0.8232384851271198,0.0,0.0,3.6674058103258407,0.5796343963727879,0.0,0.0,0.8148766571846099,0.0,0.0,3.5909189470658975
0.5525086440177496,0.0,0.0,0.8335078933404125,0.0,0.0,3.66633977486922,0.5649109771784723,0.0,0.0,0.8251518573849199,0.0,0.0,3.5909189470658975
0.5371416908349306,0.0,0.0,0.8434927468239333,0.0,0.0,3.664143962840073,0.5500054539526891,0.0,0.0,0.8351610626127904,0.0,0.0,3.5909189470658975
0.5216011881934841,0.0,0.0,0.853190137339683,0.0,0.0,3.663130984210433,0.534922631622197,0.0,0.0,0.8449010463127155,0.0,0.0,3.5909189470658975
0.505892514619844,0.0,0.0,0.8625972256114744,0.0,0.0,3.660967346175976,0.5196673722676837,0.0,0.0,0.8543686687151208,0.0,0.0,3.5909189470658975
0.4900210469558922,0.0,0.0,0.8717112959702623,0.0,0.0,3.6600065272852462,0.5042445935564308,0.0,0.0,0.8635608778484968,0.0,0.0,3.5909189470658975
0.4739922449338853,0.0,0.0,0.880529705192751,0.0,0.0,3.657874813350569,0.48865926715706093,0.0,0.0,0.8724747105232277,0.0,0.0,3.5909189470658975
0.4578115637614637,0.0,0.0,0.889049932271194,0.0,0.0,3.6569652522564122,0.4729164171368762,0.0,0.0,0.8811072932868023,0.0,0.0,3.5909189470658975
0.4414845376949731,0.0,0.0,0.8972695319488655,0.0,0.0,3.6548651992338557,0.45702111834230613,0.0,0.0,0.8894558433500968,0.0,0.0,3.5909189470658975
0.4250166937048344,0.0,0.0,0.9051861797776523,0.0,0.0,3.6540059900334176,0.44097849476298595,0.0,0.0,0.897517669484431,0.0,0.0,3.5909189470658975
0.40841363385900054,0.0,0.0,0.9127976301835142,0.0,0.0,3.6519373221380524,0.4247937178799935,0.0,0.0,0.9052901728891101,0.0,0.0,3.5909189470658975
0.39168095025259614,0.0,0.0,0.920101756981521,0.0,0.0,3.65112755583537,0.40847200499877667,0.0,0.0,0.9127708480291704,0.0,0.0,3.5909189470658975
0.37482430602593664,0.0,0.0,0.9270965157984867,0.0,0.0,3.6490899853657623,0.39201861756730916,0.0,0.0,0.919957283443061,0.0,0.0,3.5909189470658975
0.35784935172966353,0.0,0.0,0.9337799802206198,0.0,0.0,3.6483287507126714,0.37543885948001615,0.0,0.0,0.9268471625199997,0.0,0.0,3.5909189470658975
0.3407618048144998,0.0,0.0,0.9401503083953879,0.0,0.0,3.646321978716797,0.35873807536801733,0.0,0.0,0.9334382642467524,0.0,0.0,3.5909189470658975
0.3235673675903882,0.0,0.0,0.9462057749916701,0.0,0.0,3.645608363027227,0.34192164887623794,0.0,0.0,0.9397284639235969,0.0,0.0,3.5909189470658975
0.30627180503791906,0.0,0.0,0.9519447417985718,0.0,0.0,3.6436320799534263,0.3249950009279434,0.0,0.0,0.9457157338492385,0.0,0.0,3.5909189470658975
0.2888808645072744,0.0,0.0,0.9573656856819065,0.0,0.0,3.6429651698910224,0.3079635879772569,0.0,0.0,0.9513981439744568,0.0,0.0,3.5909189470658975
0.27140035171399457,0.0,0.0,0.9624671729941283,0.0,0.0,3.6410190562239104,0.29083290025022335,0.0,0.0,0.9567738625242747,0.0,0.0,3.5909189470658975
0.2538360523108819,0.0,0.0,0.9672478837141393,0.0,0.0,3.6403979385629515,0.27360845997498656,0.0,0.0,0.9618411565884469,0.0,0.0,3.5909189470658975
0.23619380594342765,0.0,0.0,0.9717065894797169,0.0,0.0,3.6384816654442185,0.2562958196016505,0.0,0.0,0.9665983926800792,0.0,0.0,3.5909189470658975
0.21847942981528043,0.0,0.0,0.9758421741000656,0.0,0.0,3.6379054278038674,0.23890056001239787,0.0,0.0,0.9710440372621966,0.0,0.0,3.5909189470658975
0.2006987906911927,0.0,0.0,0.9796536150200722,0.0,0.0,3.6360186576379223,0.22142828872244377,0.0,0.0,0.9751766572420931,0.0,0.0,3.5909189470658975
0.1828577305642488,0.0,0.0,0.9831400003967128,0.0,0.0,3.63548638918986,0.20388463807240356,0.0,0.0,0.9789949204333018,0.0,0.0,3.5909189470658975
0.16496213650657196,0.0,0.0,0.9863005138031478,0.0,0.0,3.6336287762342985,0.18627526341265838,0.0,0.0,0.9824975959850365,0.0,0.0,3.5909189470658975
0.14701786853427384,0.0,0.0,0.9891344480610834,0.0,0.0,3.6331395683838483,0.16860584128030304,0.0,0.0,0.9856835547789674,0.0,0.0,3.5909189470658975
0.12903082721835066,0.0,0.0,0.9916411929920944,0.0,0.0,3.6313107593247387,0.15088206756926426,0.0,0.0,0.9885517697932029,0.0,0.0,3.5909189470658975
0.11100688383129674,0.0,0.0,0.9938202461983493,0.0,0.0,3.6308637063656213,0.13310965569417912,0.0,0.0,0.9911013164333584,0.0,0.0,3.5909189470658975
0.09295194564257551,0.0,0.0,0.9956712036685981,0.0,0.0,3.629063340877621,0.1152943347486255,0.0,0.0,0.9933313728306079,0.0,0.0,3.5909189470658975
0.07487188841906775,0.0,0.0,0.9971937676993239,0.0,0.0,3.6286575406205093,0.0974418476582982,0.0,0.0,0.9952412201066204,0.0,0.0,3.5909189470658975
0.05677261934119804,0.0,0.0,0.9983877401635322,0.0,0.0,3.6268852519118457,0.07955794932972637,0.0,0.0,0.9968302426052971,0.0,0.0,3.5909189470658975
0.038660011917895046,0.0,0.0,0.9992530277634183,0.0,0.0,3.6265198062869324,0.06164840479512855,0.0,0.0,0.9980979280912329,0.0,0.0,3.5909189470658975
0.020539966470854758,0.0,0.0,0.9997896377714085,0.0,0.0,3.624775221629295,0.04371898735400381,0.0,0.0,0.9990438679148407,0.0,0.0,3.5909189470658975
0.0024183475135053437,0.0,0.0,0.999997680803865,0.0,0.0,3.624449237263108,0.025775476712057772,0.0,0.0,0.9996677571440826,0.0,0.0,3.5909189470658975
-0.015698958238033568,0.0,0.0,0.9998773688457331,0.0,0.0,3.6227319785065153,0.007823657118063512,0.0,0.0,0.9999693946627679,0.0,0.0,3.5909189470658975
-0.033806101983338194,0.0,0.0,0.9994290157326667,0.0,0.0,3.6224445672732526,-0.010130684500741973,0.0,0.0,0.9999486832353844,0.0,0.0,3.5909189470658975
-0.05189721733073691,0.0,0.0,0.9986530372730993,0.0,0.0,3.620754251345974,-0.028081760404124752,0.0,0.0,0.9996056295384432,0.0,0.0,3.5909189470658975
-0.06996647788489592,0.0,0.0,0.9975499496234991,0.0,0.0,3.620504530893651,-0.046023783904583046,0.0,0.0,0.9989403441583263,0.0,0.0,3.5909189470658975
-0.08800804426424666,0.0,0.0,0.9961203713246686,0.0,0.0,3.618840770287276,-0.06395097123273692,0.0,0.0,0.9979530415556386,0.0,0.0,3.5909189470658975
-0.10601611913972281,0.0,0.0,0.9943650197516621,0.0,0.0,3.6186278645390115,-0.08185754340177732,0.0,0.0,0.9966440399960739,0.0,0.0,3.5909189470658975
-0.12398489678695275,0.0,0.0,0.9922847148846018,0.0,0.0,3.6169902677787693,-0.0997377280703734,0.0,0.0,0.9950137614478198,0.0,0.0,3.5909189470658975
-0.1419086155678054,0.0,0.0,0.9898803740111378,0.0,0.0,3.616813307409555,-0.11758576140343756,0.0,0.0,0.9930627314455325,0.0,0.0,3.5909189470658975
-0.15978151001819368,0.0,0.0,0.9871530170560129,0.0,0.0,3.6152014795100107,-0.13539588993014856,0.0,0.0,0.9907915789209253,0.0,0.0,3.5909189470658975
-0.17759786077337117,0.0,0.0,0.9841037597098575,0.0,0.0,3.6150596023993358,-0.15316237239863353,0.0,0.0,0.988201036000028,0.0,0.0,3.5909189470658975
-0.19535194918307536,0.0,0.0,0.9807338201461069,0.0,0.0,3.6134731453055844,-0.17087948162671102,0.0,0.0,0.9852919377671787,0.0,0.0,3.5909189470658975
-0.21303810469036577,0.0,0.0,0.9770445107454268,0.0,0.0,3.6133654969663023,-0.18854150634809871,0.0,0.0,0.9820652219958278,0.0,0.0,3.5909189470658975
-0.23065066195716405,0.0,0.0,0.9730372460333527,0.0,0.0,3.611804009980812,-0.20614275305349045,0.0,0.0,0.9785219288462378,0.0,0.0,3.5909189470658975
-0.2481840057148246,0.0,0.0,0.9687135331647759,0.0,0.0,3.6117297439646645,-0.22367754782590904,0.0,0.0,0.9746632005301787,0.0,0.0,3.5909189470658975
-0.2656325303749139,0.0,0.0,0.9640749809208016,0.0,0.0,3.6101928241599124,-0.24114023816974353,0.0,0.0,0.9704902809427263,0.0,0.0,3.5909189470658975
-0.28299068237764574,0.0,0.0,0.9591232891125149,0.0,0.0,3.6101511024401343,-0.2585251948328809,0.0,0.0,0.9660045152612811,0.0,0.0,3.5909189470658975
-0.30025292225499567,0.0,0.0,0.9538602584810117,0.0,0.0,3.608638345057202,-0.275826813621345,0.0,0.0,0.9612073495119389,0.0,0.0,3.5909189470658975
-0.3174137645106054,0.0,0.0,0.9482877791741522,0.0,0.0,3.60862833838865,-0.29303951720585797,0.0,0.0,0.9561003301033515,0.0,0.0,3.5909189470658975
-0.3344677420950572,0.0,0.0,0.9424078413994633,0.0,0.0,3.6071393372219482,-0.31015775691974157,0.0,0.0,0.9506851033282281,0.0,0.0,3.5909189470658975
-0.3514094438578504,0.0,0.0,0.9362225231218023,0.0,0.0,3.6071602254792174,-0.32717601454757855,0.0,0.0,0.9449634148326385,0.0,0.0,3.5909189470658975
-0.3682334813878711,0.0,0.0,0.9297340013248402,0.0,0.0,3.605694573247521,-0.3440888041040582,0.0,0.0,0.9389371090532884,0.0,0.0,3.5909189470658975
-0.384934524084562,0.0,0.0,0.9229445390715311,0.0,0.0,3.605745545741512,-0.36089067360243193,0.0,0.0,0.9326081286229495,0.0,0.0,3.5909189470658975
-0.4015072683103184,0.0,0.0,0.9158564972361215,0.0,0.0,3.604302834445486,-0.3775762068120094,0.0,0.0,0.9259785137442342,0.0,0.0,3.5909189470658975
-0.41794647013401054,0.0,0.0,0.9084723210630895,0.0,0.0,3.6043830902189145,-0.3941400250041279,0.0,0.0,0.9190504015319186,0.0,0.0,3.5909189470658975
-0.4342469167362187,0.0,0.0,0.9007945522380549,0.0,0.0,3.6029629114853345,-0.41057678868603353,0.0,0.0,0.9118260253240247,0.0,0.0,3.5909189470658975
-0.45040345688382255,0.0,0.0,0.8928258150744431,0.0,0.0,3.6030716595876666,-0.42688119932211294,0.0,0.0,0.9043077139618839,0.0,0.0,3.5909189470658975
-0.46641097452365765,0.0,0.0,0.8845688287982676,0.0,0.0,3.6016736050005256,-0.44304800104192366,0.0,0.0,0.896497891039415,0.0,0.0,3.5909189470658975
-0.48226441705196016,0.0,0.0,0.8760263934852179,0.0,0.0,3.6018100647428506,-0.45907198233446983,0.0,0.0,0.8883990741218569,0.0,0.0,3.5909189470658975
-0.4979587710271808,0.0,0.0,0.8672014024410147,0.0,0.0,3.6004337261615666,-0.4749479777281789,0.0,0.0,0.8800138739342096,0.0,0.0,3.5909189470658975
-0.5134890883026704,0.0,0.0,0.8580968280049527,0.0,0.0,3.6005971273519086,-0.490670869456037,0.0,0.0,0.8713449935196436,0.0,0.0,3.5909189470658975
-0.5288504637850222,0.0,0.0,0.8487157339143578,0.0,0.0,3.599242097216838,-0.5062355891053458,0.0,0.0,0.8623952273681503,0.0,0.0,3.5909189470658975
-0.544038059502507,0.0,0.0,0.8390612610838625,0.0,0.0,3.5994316803764264,-0.5216371192515705,0.0,0.0,0.8531674605157139,0.0,0.0,3.5909189470658975
-0.5590470843314257,0.0,0.0,0.8291366398493988,0.0,0.0,3.5980975520019074,-0.5368704950757507,0.0,0.0,0.8436646676142939,0.0,0.0,3.5909189470658975
-0.5738728160764583,0.0,0.0,0.8189451758256715,0.0,0.0,3.5983125685629247,-0.5519308059649533,0.0,0.0,0.8338899119729205,0.0,0.0,3.5909189470658975
-0.5885105830840891,0.0,0.0,0.8084902619320712,0.0,0.0,3.5969989364180672,-0.566813197095252,0.0,0.0,0.8238463445702094,0.0,0.0,3.5909189470658975
-0.602955784414233,0.0,0.0,0.7977753644239688,0.0,0.0,3.597238648903401,-0.5815128709967229,0.0,0.0,0.8135372030386165,0.0,0.0,3.5909189470658975
-0.6172038732568328,0.0,0.0,0.7868040346098999,0.0,0.0,3.5959451088808505,-0.5960250890999506,0.0,0.0,0.8029658106207584,0.0,0.0,3.5909189470658975
-0.6312503752768749,0.0,0.0,0.7755798951454616,0.0,0.0,3.596208791066374,-0.6103451732635481,0.0,0.0,0.7921355750981358,0.0,0.0,3.5909189470658975
-0.6450908737477501,0.0,0.0,0.7641066513580771,0.0,0.0,3.5949349407392797,-0.6244685072821973,0.0,0.0,0.781049987692605,0.0,0.0,3.5909189470658975
-0.658721026154079,0.0,0.0,0.7523880778854533,0.0,0.0,3.5952218777991924,-0.6383905383747226,0.0,0.0,0.7697126219409521,0.0,0.0,3.5909189470658975
-0.6721365509533572,0.0,0.0,0.7404280295311623,0.0,0.0,3.5939673166666104,-0.652106778651721,0.0,0.0,0.7581271325429317,0.0,0.0,3.5909189470658975
-0.6853332425228919,0.0,0.0,0.7282304283228402,0.0,0.0,3.5942768053023664,-0.6656128065622717,0.0,0.0,0.7462972541831422,0.0,0.0,3.5909189470658975
-0.6983069594596103,0.0,0.0,0.7157992738286927,0.0,0.0,3.593041135023333,-0.6789042683192633,0.0,0.0,0.7342268003271173,0.0,0.0,3.5909189470658975
-0.7110536379588759,0.0,0.0,0.7031386307039069,0.0,0.0,3.5933724835766885,-0.6919768793028742,0.0,0.0,0.7219196619920221,0.0,0.0,3.5909189470658975
-0.7235692815611103,0.0,0.0,0.6902526384049787,0.0,0.0,3.5921553081932016,-0.7048264254417584,0.0,0.0,0.709379806492349,0.0,0.0,3.5909189470658975
-0.7358499730513224,0.0,0.0,0.6771454992861925,0.0,0.0,3.5925078367439087,-0.7174487645714882,0.0,0.0,0.6966112761610193,0.0,0.0,3.5909189470658975
-0.7478918655603657,0.0,0.0,0.6638214876553564,0.0,0.0,3.591308762893057,-0.7298398277698173,0.0,0.0,0.683618187046301,0.0,0.0,3.5909189470658975
-0.759691193074694,0.0,0.0,0.6502849384756975,0.0,0.0,3.5916818033417304,-0.7419956206683338,0.0,0.0,0.6704047275849649,0.0,0.0,3.5909189470658975
-0.7712442627996325,0.0,0.0,0.636540255713163,0.0,0.0,3.5905004404572054,-0.7539122247400806,0.0,0.0,0.6569751572521053,0.0,0.0,3.5909189470658975
-0.7825474643691814,0.0,0.0,0.6225919016926963,0.0,0.0,3.590893336593885,-0.7655857985627261,0.0,0.0,0.6433338051880597,0.0,0.0,3.5909189470658975
-0.7935972633786043,0.0,0.0,0.6084444046936959,0.0,0.0,3.589729297097128,-0.7770125790568815,0.0,0.0,0.6294850688028734,0.0,0.0,3.5909189470658975
-0.8043902093840558,0.0,0.0,0.5941023490034052,0.0,0.0,3.590141404656059,-0.7881888826991619,0.0,0.0,0.6154334123587546,0.0,0.0,3.5909189470658975
-0.814922930512069,0.0,0.0,0.5795703817233953,0.0,0.0,3.5889943041372727,-0.7991111067096028,0.0,0.0,0.601183365530981,0.0,0.0,3.5909189470658975
-0.8251921403383994,0.0,0.0,0.5648532035567324,0.0,0.0,3.589424990838417,-0.8097757302130482,0.0,0.0,0.5867395219477184,0.0,0.0,3.5909189470658975
-0.8351946334826055,0.0,0.0,0.5499555747944551,0.0,0.0,3.5882944482276953,-0.8201793153741352,0.0,0.0,0.5721065377092247,0.0,0.0,3.5909189470658975
-0.8449272914547974,0.0,0.0,0.5348823068672899,0.0,0.0,3.5887430938054843,-0.8303185085055111,0.0,0.0,0.5572891298869147,0.0,0.0,3.5909189470658975
-0.8543870791444363,0.0,0.0,0.5196382674870121,0.0,0.0,3.587628731534298,-0.8401900411489236,0.0,0.0,0.5422920750027704,0.0,0.0,3.5909189470658975
-0.8635710497226694,0.0,0.0,0.5042283729877782,0.0,0.0,3.5880947277541373,-0.8497907311288373,0.0,0.0,0.5271202074895874,0.0,0.0,3.5909189470658975
-0.8724763419357039,0.0,0.0,0.48865759260297975,0.0,0.0,3.586996171907417,-0.8591174835782361,0.0,0.0,0.5117784181325526,0.0,0.0,3.5909189470658975
-0.8811001841491174,0.0,0.0,0.47293094161575977,0.0,0.0,3.5874789225704324,-0.868167291936281,0.0,0.0,0.4962716524926567,0.0,0.0,3.5909189470658975
-0.8894398923576767,0.0,0.0,0.45705348475747903,0.0,0.0,3.586395803029495,-0.8769372389175007,0.0,0.0,0.4806049093124489,0.0,0.0,3.5909189470658975
-0.8974928734564549,0.0,0.0,0.4410303301816991,0.0,0.0,3.586894723966022,-0.8854244974522056,0.0,0.0,0.4647832389046483,0.0,0.0,3.5909189470658975
-0.9052566238807375,0.0,0.0,0.42486663197566615,0.0,0.0,3.5858266745425817,-0.8936263315978173,0.0,0.0,0.44881174152413095,0.0,0.0,3.5909189470658975
-0.9127287321869733,0.0,0.0,0.40856758496698103,0.0,0.0,3.586341193594876,-0.9015400974208246,0.0,0.0,0.4326955657238179,0.0,0.0,3.5909189470658975
