x_tc,y_tc,z_tc,vx_tc,vy_tc,vz_tc
-0.5,0.0,0.0,0.1,0.0,0.0
-0.498751087863672,0.000625129601467225,0.0,0.1513519489202328,0.12441130524719299,0.0
-0.4970043453531857,0.0024425730651158363,0.0,0.19947463975844745,0.23850142233697824,0.0
-0.4947914593826365,0.005352212351884754,0.0,0.24449455068862203,0.3428876059837426,0.0
-0.4921428614445483,0.009259942503409689,0.0,0.28653598738203157,0.4381552436162539,0.0
-0.48908775038143787,0.014077360269355941,0.0,0.3257208897337831,0.524859317728517,0.0
-0.4856541169431744,0.019721467072331016,0.0,0.36216866717377616,0.6035258107027771,0.0
-0.48186876985723737,0.026114385742991256,0.0,0.39599606000907667,0.6746530537137705,0.0
-0.47775736316328365,0.03318309047429887,0.0,0.42731702448888065,0.7387130213706361,0.0
-0.4733444245856215,0.040859149460466086,0.0,0.45624263946166294,0.7961525737540064,0.0
-0.46865338473805845,0.049078479702393527,0.0,0.48288103257900383,0.847394647443828,0.0
-0.46370660697501026,0.05778111347753023,0.0,0.5073373242069471,0.8928393971639401,0.0
-0.45852541772046684,0.06691097598825359,0.0,0.5297135873405329,0.9328652896499475,0.0
-0.4531301371228258,0.07641567371882502,0.0,0.5501088219419827,0.9678301513238858,0.0
-0.4475401098987799,0.08624629304671298,0.0,0.5686189422452406,0.998072171337818,0.0
-0.44177373624344624,0.09635720866958174,0.0,0.585336775683222,1.023910861524299,0.0
-0.4358485026968232,0.10670590142449773,0.0,0.6003520721999878,1.0456479747651606,0.0
-0.42978101286854475,0.11725278509088326,0.0,0.613751522808449,1.0635683832614946,0.0
-0.42358701793383047,0.12796104178342932,0.0,0.6256187863456925,1.0779409181574446,0.0
-0.4172814468235744,0.13879646555555658,0.0,0.6360345234640244,1.0890191719393996,0.0
-0.4108784360407399,0.14972731384806579,0.0,0.6450764369739899,1.0970422649986968,0.0
-0.4043913590436878,0.16072416643133947,0.0,0.6528193177299483,1.1022355777128297,0.0
-0.3978328551448129,0.17175979150283815,0.0,0.6593350953170124,1.1048114493656893,0.0
-0.39121485787995713,0.1828090186146694,0.0,0.6646928928616478,1.1049698451925123,0.0
-0.3845486228105415,0.19384861811869147,0.0,0.6689590853471318,1.1028989927999675,0.0
-0.37784475472627405,0.20485718682894485,0.0,0.6721973608696903,1.0987759891763764,0.0
-0.3711132342216731,0.2158150396131789,0.0,0.6744687843217443,1.0927673794715322,0.0
-0.3643634436245438,0.22670410663686205,0.0,0.6758318630355715,1.0850297086900929,0.0
-0.35760419225899287,0.23750783599432884,0.0,0.6763426139640668,1.0757100474071857,0.0
-0.3508437410295942,0.24821110147263092,0.0,0.6760546320154103,1.0649464925797603,0.0
-0.344089826316963,0.25880011520422236,0.0,0.6750191591955316,1.0528686444924564,0.0
-0.33734968317828146,0.26926234497482787,0.0,0.6732851542465029,1.039598060842382,0.0
-0.33063006784927734,0.27958643596271887,0.0,0.6708993625005978,1.025248688933297,0.0
-0.3239372795468108,0.2897621366951617,0.0,0.6679063856988876,1.0099272769163197,0.0
-0.3172771815735991,0.2997802290170118,0.0,0.664348751550124,0.9937337649814952,0.0
-0.3106552217287254,0.3096324618753105,0.0,0.6602669828302358,0.976761657372285,0.0
-0.3040764520294583,0.31931148873230686,0.0,0.6556996658456726,0.9590983760636421,0.0
-0.2975455477515692,0.3288108084275791,0.0,0.6506835181046197,0.9408255969134285,0.0
-0.29106682579679727,0.33812470931787975,0.0,0.6452534550591997,0.9220195690667472,0.0
-0.2846442623973904,0.3472482165309765,0.0,0.6394426557993905,0.9027514183633945,0.0
-0.2782815101687603,0.3561770421771221,0.0,0.6332826275954501,0.8830874354699628,0.0
-0.27198191452224724,0.3649075383688626,0.0,0.6268032692003307,0.8630893494302113,0.0
-0.2657485294508054,0.37343665290669376,0.0,0.6200329328369637,0.8428145873001618,0.0
-0.2595841327011089,0.38176188749461054,0.0,0.6129984848075478,0.8223165205080102,0.0
-0.2534912403461495,0.3898812583558662,0.0,0.605725364673079,0.8016446985533162,0.0
-0.24747212077286174,0.39779325912527974,0.0,0.5982376429614923,0.7808450706351032,0.0
-0.2415288080996815,0.4054968259002072,0.0,0.5905580773719502,0.7599601957744208,0.0
-0.2356631150392244,0.41299130433782977,0.0,0.5827081674511144,0.7390294419736013,0.0
-0.22987664522147394,0.4202764186917246,0.0,0.5747082077247326,0.7180891749318881,0.0
-0.22417080499300018,0.42735224268576966,0.0,0.5665773392746314,0.6971729368152896,0.0
-0.21854681470779833,0.4342191721283089,0.0,0.558333599757272,0.6763116155574413,0.0
-0.21300571952534514,0.4408778991741701,0.0,0.5499939718654574,0.6555336051478866,0.0
-0.20754839973143108,0.4473293881465936,0.0,0.5415744302396428,0.6348649573445555,0.0
-0.2021755805972381,0.45357485283540405,0.0,0.5330899868396095,0.614329525228264,0.0
-0.19688784179200564,0.4596157351918433,0.0,0.5245547347910936,0.593949098998794,0.0
-0.1916856263644631,0.465453685344392,0.0,0.5159818907253293,0.5737435343945206,0.0
-0.18656924930801264,0.4710905428636415,0.0,0.5073838356324246,0.5537308741006113,0.0
-0.1815389057244203,0.47652831920784755,0.0,0.49877215425241284,0.5339274624947641,0.0
-0.17659467860053243,0.4817691812842037,0.0,0.4901576730283504,0.5143480540625593,0.0
-0.1717365462122632,0.48681543606412886,0.0,0.4815504966510697,0.49500591580183245,0.0
-0.16696438916981066,0.49166951619397375,0.0,0.47296004322353913,0.4759129239185865,0.0
-0.16227799711775992,0.4963339665455152,0.0,0.46439507807647257,0.45707965510476106,0.0
-0.1576770751034273,0.50081143165343,0.0,0.4558637462643536,0.4385154726722384,0.0
-0.15316124962647532,0.5051046439896412,0.0,0.44737360377739877,0.4202286078086189,0.0
-0.1487300743824872,0.5092164130270085,0.0,0.43893164750205943,0.40222623620531756,0.0
-0.14438303571286037,0.5131496150472823,0.0,0.4305443439630727,0.3845145502966996,0.0
-0.1401195577730411,0.5169071836505745,0.0,0.4222176568816161,0.367098827338558,0.0
-0.13593900743077592,0.5204921009258284,0.0,0.41395707358393213,0.3499834935431071,0.0
-0.13184069890571226,0.523907389243888,0.0,0.40576763029485347,0.33317218447729763,0.0
-0.12782389816133538,0.5271561036367867,0.0,0.3976539363506219,0.31666780192132993,0.0
-0.12388782705988517,0.5302413247287968,0.0,0.38962019736523906,0.30047256737474404,0.0
-0.1200316672905549,0.5331661521866086,0.0,0.38167023738434136,0.28458807238837025,0.0
-0.1162545640809354,0.535933698657747,0.0,0.37380752006026907,0.26901532589173677,0.0
-0.11255562970133291,0.5385470841679901,0.0,0.36603516888159526,0.25375479867721457,0.0
-0.108933946771258,0.5410094309501249,0.0,0.3583559864899169,0.23880646519423893,0.0
-0.10538857137705755,0.543323858677871,0.0,0.35077247311619314,0.2241698427993586,0.0
-0.10191853600934117,0.5454934800802266,0.0,0.34328684416834143,0.20984402860061024,0.0
-0.0985228523285391,0.5475213969128379,0.0,0.3359010470012019,0.19582773402780174,0.0
-0.09520051376662066,0.5494106962642792,0.0,0.3286167768993243,0.1821193172536714,0.0
-0.09195049797270034,0.5511644471763472,0.0,0.32143549230237084,0.1687168135845963,0.0
-0.08877176910996486,0.5527856975586289,0.0,0.3143584293022191,0.15561796393349847,0.0
-0.0856632800110657,0.5542774713787036,0.0,0.30738661544013995,0.14282024148186803,0.0
-0.0826239741988427,0.5556427661103761,0.0,0.30052088283169054,0.13032087663235126,0.0
-0.07965278777897021,0.5568845504233324,0.0,0.29376188064622055,0.11811688034813841,0.0
-0.07674865121085268,0.5580057620985422,0.0,0.28711008696713897,0.10620506597041918,0.0
-0.07391049096283808,0.5590093061546236,0.0,0.28056582005833375,0.09458206960044087,0.0
-0.0711372310575677,0.5598980531712268,0.0,0.2741292490613837,0.08324436912819981,0.0
-0.06842779451303767,0.5606748377962946,0.0,0.2678004041474422,0.07218830198550143,0.0
-0.06578110468471264,0.5613424574248124,0.0,0.2615791861469265,0.061410081697044504,0.0
-0.06319608651380408,0.5619036710373775,0.0,0.2554653756793945,0.05090581329929355,0.0
-0.060671667686605514,0.5623611981875986,0.0,0.24945864180525845,0.040671507693208854,0.0
-0.05820677970956396,0.5627177181279761,0.0,0.243558550220249,0.03070309499338337,0.0
-0.05580035890456123,0.5629758690645273,0.0,0.23776457101282736,0.02099643693279213,0.0
-0.053451347328680024,0.5631382475309908,0.0,0.23207608600403415,0.01154733837918061,0.0
-0.051158693622538526,0.5632074078739948,0.0,0.22649239568856652,0.002351558016094402,0.0
-0.04892135379109224,0.5631858618410868,0.0,0.22101272579519332,-0.006595181761318129,0.0
-0.04673829192062424,0.5630760782640103,0.0,0.21563623348395058,-0.015297185688325962,0.0
-0.04460848083547355,0.5628804828300759,0.0,0.21036201319690406,-0.023758777165647223,0.0
-0.04253090269788673,0.562601457934908,0.0,0.2051891021786291,-0.03198429044513988,0.0
-0.04050454955421918,0.5622413426102643,0.0,0.2001164856819339,-0.03997806342613454,0.0
-0.03852842383056041,0.5618024325210077,0.0,0.19514310187374667,-0.04774443102461001,0.0
-0.03660153878071125,0.5612869800256856,0.0,0.19026784645549547,-0.055287719079514165,0.0
-0.03472291888930023,0.5606971942955109,0.0,0.18548957701173718,-0.0626122387625284,0.0
-0.03289160023269195,0.560035241486873,0.0,0.18080711710023295,-0.0697222814594661,0.0
-0.03110663080021045,0.5593032449628111,0.0,0.17621926009612665,-0.07662211409328938,0.0
-0.029367070778076956,0.5585032855591775,0.0,0.1717247728023595,-0.08331597486042908,0.0
-0.027671992798342294,0.5576374018914905,0.0,0.1673223988379443,-0.08980806935370472,0.0
-0.026020482154980578,0.5567075906987394,0.0,0.16301086181523172,-0.09610256704666872,0.0
-0.0244116369892017,0.5557158072206453,0.0,0.1587888683168257,-0.10220359811564488,0.0
-0.02284456844593585,0.5546639656051126,0.0,0.15465511068234467,-0.10811525057710251,0.0
-0.02131840080334354,0.5535539393428258,0.0,0.150608269614781,-0.11384156771930351,0.0
-0.019832271577109078,0.5523875617261469,0.0,0.14664701661578428,-0.11938654580838866,0.0
-0.01838533160118438,0.551166626329663,0.0,0.1427700162587779,-0.12475413205023096,0.0
-0.016976745086562668,0.5498928875099157,0.0,0.13897592830842304,-0.12994822279048424,0.0
-0.015605689659578488,0.5485680609220135,0.0,0.1352634096945581,-0.134972661936294,0.0
-0.014271356381150995,0.5471938240509865,0.0,0.13163111634837307,-0.13983123958412305,0.0
-0.012972949748311527,0.5457718167558995,0.0,0.12807770490822265,-0.14452769083907263,0.0
-0.011709687679284205,0.5443036418248748,0.0,0.12460183430214024,-0.14906569481196108,0.0
-0.010480801483319297,0.5427908655393129,0.0,0.12120216721378557,-0.15344887378125066,0.0
-0.009285535816413238,0.5412350182457242,0.0,0.11787737143824344,-0.15768079250769992,0.0
-0.008123148623986592,0.5396375949337007,0.0,0.11462612113378787,-0.1617649576903599,0.0
-0.006992911071531484,0.538000055818669,0.0,0.11144709797543481,-0.1657048175532326,0.0
-0.0058941074641832005,0.5363238269281678,0.0,0.10833899221582717,-0.16950376155257132,0.0
-0.00482603515611651,0.5346103006904908,0.0,0.10530050365872862,-0.1731651201954269,0.0
-0.003788004450615786,0.5328608365246269,0.0,0.10233034255014531,-0.17669216496063148,0.0
-0.0027793384916190147,0.531076761430516,0.0,0.09942723039184999,-0.18008810831396888,0.0
-0.0017993731474891899,0.5292593705787146,0.0,0.09658990068184622,-0.18335610380980277,0.0
-0.0008474568877223332,0.527409927898647,0.0,0.09381709958608606,-0.18649924627192885,0.0
7.70493467406846e-5,0.5255296666646798,0.0,0.09110758654553798,-0.18952057204688202,0.0
0.0009747722789713107,0.5236197900793308,0.0,0.08846013482249675,-0.1924230593233699,0.0
0.0018463264366901859,0.5216814718529778,0.0,0.08587353198982837,-0.19520962851191542,0.0
0.002692314297530451,0.5197158567794951,0.0,0.08334658036665579,-0.19788314267918256,0.0
0.003513326438408385,0.5177240613072961,0.0,0.08087809740381031,-0.20044640803182429,0.0
0.004309941688514651,0.5157071741053106,0.0,0.07846691602220207,-0.20290217444503839,0.0
0.005082727285470184,0.5136662566234734,0.0,0.07611188490709822,-0.20525313603134024,0.0
0.005832239034219828,0.5116023436473418,0.0,0.07381186876114156,-0.20750193174536855,0.0
0.00655902146826444,0.5095164438465027,0.0,0.07156574851879165,-0.20965114602082585,0.0
0.007263608012858306,0.5074095403164657,0.0,0.06937242152472942,-0.21170330943592763,0.0
0.007946521149823405,0.5052825911137732,0.0,0.06723080167862835,-0.21366089940398558,0.0
0.008608272583655508,0.5031365297840936,0.0,0.06513981954856793,-0.21552634088599126,0.0
0.009249363408619189,0.5009722658830914,0.0,0.06309842245523982,-0.21730200712228923,0.0
0.009870284276549793,0.4987906854898961,0.0,0.06110557452898078,-0.21899022038063928,0.0
0.010471515565100157,0.4965926517130208,0.0,0.05916025674155379,-0.22059325271816524,0.0
0.011053527546188584,0.49437900518860134,0.0,0.057261466914492735,-0.22211332675487272,0.0
0.011616780554422234,0.4921505645708518,0.0,0.055408219705724335,-0.22355261645659222,0.0
0.012161725155286714,0.4899081270146525,0.0,0.05359954657608486,-0.22491324792536693,0.0
0.012688802312908424,0.4876524686502045,0.0,0.051834495737257284,-0.22619730019545722,0.0
0.013198443557210992,0.48538434504970396,0.0,0.05011213208256749,-0.22740680603327645,0.0
0.01369107115030114,0.48310449168600356,0.0,0.04843153710199547,-0.2285437527397074,0.0
0.01416709825193248,0.48081362438324576,0.0,0.04679180878267851,-0.2296100829533737,0.0
0.014626929083908126,0.47851243975946395,0.0,0.04519206149610897,-0.23060769545355753,0.0
0.015070959093294714,0.47620161566116154,0.0,0.04363142587315836,-0.23153844596156542,0.0
0.015499575114331376,0.47388181158989007,0.0,0.04210904866799172,-0.2324041479394453,0.0
0.015913155528927542,0.4715536691208576,0.0,0.04062409261187314,-0.2332065733850556,0.0
0.016312070425653226,0.469217812313609,0.0,0.039175736257811525,-0.2339474536225674,0.0
0.016696681757134374,0.46687484811482693,0.0,0.0377631738168926,-0.23462848008759984,0.0
0.017067343495774556,0.46452536675331274,0.0,0.03638561498717733,-0.23525130510620046,0.0
0.017424401787732347,0.4621699421272103,0.0,0.0350422847759135,-0.23581754266701616,0.0
0.01776819510509119,0.4598091321835454,0.0,0.033732423315791876,-0.23632876918604245,0.0
0.018099054396165586,0.4574434792901572,0.0,0.03245528567592999,-0.23678652426340363,0.0
0.018417303233894063,0.4550735106001035,0.0,0.031210141668221822,-0.2371923114316758,0.0
0.01872325796227554,0.4526997384086272,0.0,0.029996275649649566,-0.23754759889531932,0.0
0.019017227840811505,0.45032266050277503,0.0,0.028812986321115182,-0.23785382026083834,0.0
0.019299515186921787,0.44794276050376164,0.0,0.027659586523311793,-0.23811237525733095,0.0
0.01957041551630673,0.44556050820217835,0.0,0.02653540303012056,-0.2383246304471386,0.0
0.0198302176812333,0.4431763598861457,0.0,0.02543977633998549,-0.23849191992634194,0.0
0.020079204006726973,0.4407907586625127,0.0,0.024372060465687018,-0.2386155460148893,0.0
0.02031765042465538,0.43840413477120793,0.0,0.02333162272290644,-0.23869677993617772,0.0
0.020545826605693384,0.4360169058928475,0.0,0.022317843517944774,-0.2387368624859383,0.0
0.020763996089162882,0.43362947744970876,0.0,0.02133011613493417,-0.23873700469030842,0.0
0.02097241641074375,0.43124224290017793,0.0,0.020367846522854397,-0.23869838845299785,0.0
0.021171339228055464,0.42885558402678037,0.0,0.019430453082644312,-0.2386221671914844,0.0
0.02136101044411172,0.4264698712179043,0.0,0.018517366454680544,-0.23850946646219157,0.0
0.021541670328652826,0.424085463743328,0.0,0.017628029306854885,-0.23836138457463762,0.0
0.02171355363736312,0.4217027100236607,0.0,0.01676189612349368,-0.23817899319454172,0.0
0.021876889728982857,0.41932194789380767,0.0,0.01591843299532876,-0.23796333793590238,0.0
0.022031902680325975,0.4169435048605693,0.0,0.01509711741070325,-0.2377154389420857,0.0
0.022178811399217048,0.4145676983544844,0.0,0.014297438048191901,-0.23743629145596679,0.0
0.022317829735362293,0.41219483597602674,0.0,0.013518894570796296,-0.23712686637918415,0.0
0.02244916658917117,0.40982521573626257,0.0,0.012760997421861285,-0.23678811082057755,0.0
0.022573026018546417,0.40745912629207837,0.0,0.012023267622845866,-0.23642094863389385,0.0
0.022689607343661693,0.4050968471760843,0.0,0.011305236573068375,-0.236026280944852,0.0
0.022799105249747105,0.4027386490213,0.0,0.010606445851537733,-0.2356049866676676,0.0
0.02290170988790393,0.4003847937807275,0.0,0.009926447020959983,-0.23515792301115168,0.0
0.022997606973970776,0.3980355349419145,0.0,0.009264801434013401,-0.2346859259744974,0.0
0.023086977885464224,0.3956911177366114,0.0,0.008621080041974073,-0.23418981083287269,0.0
0.023169999756617838,0.39335177934562254,0.0,0.007994863205752795,-0.23367037261295492,0.0
0.02324684557154388,0.39101774909895165,0.0,0.007385740509406101,-0.23312838655853793,0.0
0.02331768425554281,0.38868924867134097,0.0,0.006793310576173695,-0.2325646085863494,0.0
0.023382680764586033,0.3863664922732999,0.0,0.0062171808870898695,-0.23197977573221865,0.0
0.023441996172997765,0.38404968683772,0.0,0.005656967602195188,-0.23137460658774653,0.0
0.023495787759362285,0.3817390322021705,0.0,0.005112295384398015,-0.23074980172761306,0.0
0.02354420909068313,0.3794347212869661,0.0,0.004582797225999098,-0.2301060441276798,0.0
0.023587410104820992,0.3771369402691001,0.0,0.004068114277903512,-0.22944399957403594,0.0
0.023625537191237226,0.3748458687521313,0.0,0.0035678956815328846,-0.2287643170631412,0.0
0.02365873327007008,0.3725616799321132,0.0,0.0030817984034486124,-0.2280676291932188,0.0
0.023687137869570742,0.3702845407596529,0.0,0.0026094870726949826,-0.22735455254704956,0.0
0.023710887201926455,0.3680146120981841,0.0,0.002150633820861803,-0.22662568806632447,0.0
0.023730114237497824,0.3657520488785383,0.0,0.001704918124861141,-0.22588162141770965,0.0
0.0237449487774975,0.3634970002498961,0.0,0.0012720266524196117,-0.22512292335077547,0.0
0.0237555175251373,0.3612496097271994,0.0,0.0008516531102726645,-0.22435015004794462,0.0
0.023761944155270755,0.3590100153351032,0.0,0.0004434980950518641,-0.22356384346661148,0.0
0.023764349382557944,0.35677834974854516,0.0,4.726894684833243e-5,-0.22276453167358565,0.0
0.02376285102817926,0.3545547404300081,0.0,-0.0003373203945624295,-0.22195272917200973,0.0
0.023757564085124663,0.3523393097635505,0.0,-0.0007105495308535643,-0.22112893722090035,0.0
0.023748600782084742,0.3501321751856779,0.0,-0.0010726917436588313,-0.22029364414746183,0.0
0.023736070645969644,0.34793344931312686,0.0,-0.0014240141304868678,-0.2194473256523182,0.0
0.023720080563081752,0.34574324006763113,0.0,-0.0017647777380615983,-0.21859044510780992,0.0
0.02370073483896773,0.3435616507977393,0.0,-0.0020952376931152247,-0.217723453849497,0.0
0.023678135256975236,0.3413887803977505,0.0,-0.0024156433306612287,-0.21684679146101257,0.0
0.0236523811355394,0.3392247234238346,0.0,-0.002726238319775951,-0.21596088605240482,0.0
0.0236235693842238,0.33706957020740064,0.0,-0.003027260786918909,-0.21506615453210606,0.0
0.023591794558540418,0.3349234069657773,0.0,-0.003318943436821638,-0.21416300287266474,0.0
0.02355714891357273,0.3327863159102664,0.0,-0.0036015136709778165,-0.21325182637037407,0.0
0.023519722456425734,0.3306583753516302,0.0,-0.003875193703765996,-0.2123330098989299,0.0
0.02347960299752645,0.3285396598030714,0.0,-0.004140200676238391,-0.2114069281572461,0.0
0.023436876200798065,0.32643024008076416,0.0,-0.004396746767609208,-0.21047394591155613,0.0
0.023391625632730544,0.32433018340199127,0.0,-0.004645039304475983,-0.20953441823192664,0.0
0.0233439328103702,0.3222395534809446,0.0,-0.00488528086780887,-0.20858869072330447,0.0
0.02329387724825039,0.3201584106222412,0.0,-0.0051176693977415845,-0.20763709975121958,0.0
0.023241536504285152,0.31808681181220927,0.0,-0.005342398296199509,-0.2066799726622625,0.0
0.02318698622464719,0.3160248108079944,0.0,-0.005559656527402423,-0.20571762799945453,0.0
0.023130300187651342,0.3139724582245376,0.0,-0.005769628716270562,-0.20475037571262067,0.0
0.023071550346664298,0.3119298016194742,0.0,-0.005972495244774424,-0.20377851736388172,0.0
0.023010806872060943,0.30989688557600137,0.0,-0.0061684323462618245,-0.202802346328374,0.0
0.0229481381922474,0.3078737517837623,0.0,-0.00635761219779736,-0.20182214799030485,0.0
0.022883611033770457,0.3058604391177927,0.0,-0.006540203010549119,-0.20083819993444996,0.0
0.022817290460532748,0.3038569837155744,0.0,-0.006716369118257517,-0.1998507721331955,0.0
0.02274923991213267,0.3018634190522408,0.0,-0.006886271063820923,-0.19886012712922715,0.0
0.022679521241347707,0.2998797760139765,0.0,-0.007050065684032299,-0.19786652021396536,0.0
0.022608194750779513,0.2979060829696536,0.0,-0.007207906192501312,-0.19687019960184352,0.0
0.022535319228678657,0.2959423658407458,0.0,-0.00735994226079562,-0.19587140660052554,0.0
0.02246095198396674,0.2939886481695599,0.0,-0.007506320097834925,-0.19487037577715496,0.0
0.022385148880473157,0.2920449511858245,0.0,-0.00764718252757128,-0.19386733512072749,0.0
0.022307964370403475,0.2901112938716743,0.0,-0.007782669064988369,-0.1928625062006761,0.0
0.022229451527056087,0.28818769302506636,0.0,-0.007912915990452572,-0.1918561043217562,0.0
0.02214966207680345,0.28627416332166655,0.0,-0.008038056422447822,-0.19084833867531606,0.0
0.02206864643035393,0.2843707173752406,0.0,-0.008158220388726314,-0.18983941248703623,0.0
0.021986453713309904,0.28247736579658506,0.0,-0.008273534895906284,-0.18882952316121998,0.0
0.02190313179603753,0.28059411725103245,0.0,-0.008384123997548058,-0.18781886242171403,0.0
0.02181872732286323,0.2787209785145637,0.0,-0.008490108860738933,-0.18680761644953825,0.0
0.021733285740611633,0.2768579545285604,0.0,-0.008591607831216904,-0.18579596601730064,0.0
0.02164685132649949,0.27500504845322876,0.0,-0.008688736497063169,-0.1847840866204719,0.0
0.02155946721539966,0.27316226171972635,0.0,-0.008781607750992676,-0.18377214860559316,0.0
0.02147117542648909,0.2713295940810214,0.0,-0.008870331851271406,-0.18276031729548742,0.0
0.02138201688929437,0.26950704366151534,0.0,-0.008955016481288944,-0.18174875311154526,0.0
0.021292031469148157,0.2676946070054561,0.0,-0.009035766807814132,-0.1807376116931521,0.0
0.021201257992069508,0.265892279124172,0.0,-0.009112685537961435,-0.1797270440143243,0.0
0.021109734269080884,0.26410005354215227,0.0,-0.009185872974894886,-0.17871719649761827,0.0
0.021017497119974318,0.2623179223420022,0.0,-0.009255427072296265,-0.17770821112537716,0.0
0.020924582396538948,0.2605458762082989,0.0,-0.009321443487623551,-0.17670022554837603,0.0
0.02083102500526192,0.2587839044703734,0.0,-0.009384015634185344,-0.1756933731919271,0.0
0.02073685892951435,0.2570319951440441,0.0,-0.00944323473205639,-0.17468778335950358,0.0
0.02064211725123384,0.255290134972326,0.0,-0.00949918985785896,-0.17368358133394035,0.0
0.020546832172114705,0.2535583094651402,0.0,-0.009551967993434373,-0.1726808884762677,0.0
0.02045103503431697,0.2518365029380463,0.0,-0.009601654073428466,-0.17167982232223356,0.0
0.020354756340704824,0.2501246985500215,0.0,-0.009648331031814408,-0.17068049667656776,0.0
0.020258025774625068,0.2484228783403072,0.0,-0.009692079847375806,-0.1696830217050413,0.0
0.02016087221923583,0.24673102326434693,0.0,-0.009732979588172564,-0.16868750402437177,0.0
0.020063323776395612,0.24504911322883488,0.0,-0.009771107455011627,-0.16769404679002523,0.0
0.01996540778512252,0.24337712712589737,0.0,-0.009806538823944186,-0.16670274978196345,0.0
0.019867150839633283,0.24171504286642664,0.0,-0.009839347287810576,-0.16571370948838457,0.0
0.019768578806971523,0.24006283741258713,0.0,-0.009869604696853726,-0.16472701918750368,0.0
0.019669716844234426,0.2384204868095136,0.0,-0.009897381198421403,-0.16374276902741916,0.0
0.01957058941540689,0.23678796621622006,0.0,-0.009922745275777366,-0.1627610461041092,0.0
0.019471220307811923,0.23516524993573773,0.0,-0.009945763786040895,-0.1617819345376022,0.0
0.019371632648185918,0.2335523114445005,0.0,-0.009966501997273907,-0.1608055155463632,0.0
0.019271848918387246,0.23194912342099513,0.0,-0.009985023624734444,-0.1598318675199384,0.0
0.0191718909707464,0.23035565777369357,0.0,-0.010001390866314887,-0.15886106608989772,0.0
0.01907178004306576,0.2287718856682843,0.0,-0.01001566443718295,-0.1578931841991154,0.0
0.01897153677327685,0.22719777755421894,0.0,-0.010027903603643072,-0.15692829216942694,0.0
0.018871181213762817,0.22563330319059033,0.0,-0.01003816621623542,-0.15596645776770024,0.0
0.018770732845353664,0.22407843167135766,0.0,-0.010046508742089543,-0.1550077462703581,0.0
0.01867021059100158,0.22253313144993392,0.0,-0.010052986296549077,-0.15405222052638748,0.0
0.018569632829143628,0.22099737036315084,0.0,-0.010057652674083787,-0.15309994101887103,0.0
0.01846901740675878,0.2194711156546156,0.0,-0.010060560378504797,-0.15215096592507518,0.0
0.018368381652126245,0.2179543339974739,0.0,-0.010061760652498475,-0.15120535117512804,0.0
0.018267742387291785,0.2164469915165931,0.0,-0.010061303506494227,-0.15026315050932013,0.0
0.018167115940248623,0.21494905381017906,0.0,-0.010059237746880997,-0.14932441553405973,0.0
0.01806651815683938,0.21346048597084025,0.0,-0.010055611003587057,-0.14838919577651402,0.0
0.017965964412385342,0.2119812526061116,0.0,-0.010050469757037262,-0.14745753873796646,0.0
0.017865469623049215,0.21051131785845134,0.0,-0.010043859364501757,-0.14652948994592024,0.0
0.017765048256937355,0.20905064542472288,0.0,-0.010035824085849715,-0.1456050930049769,0.0
0.0176647143449474,0.20759919857517384,0.0,-0.0100264071087214,-0.14468438964651817,0.0
0.017564481491367023,0.2061569401719243,0.0,-0.010015650573131588,-0.14376741977721916,0.0
0.017464362884229468,0.20472383268697542,0.0,-0.010003595595517178,-0.14285422152641963,0.0
0.01736437130543128,0.2032998382197503,0.0,-0.009990282292241316,-0.14194483129237986,0.0
0.017264519140617725,0.20188491851417745,0.0,-0.009975749802566335,-0.14103928378744704,0.0
0.017164818388841038,0.20047903497532807,0.0,-0.009960036311107392,-0.14013761208215708,0.0
0.01706528067199671,0.19908214868561758,0.0,-0.009943179069778455,-0.13923984764829683,0.0
0.016965917244042786,0.19769422042058155,0.0,-0.009925214419242028,-0.13834602040095043,0.0
0.01686673900000712,0.19631521066423627,0.0,-0.009906177809873849,-0.1374561587395534,0.0
0.016767756484787347,0.1949450796240335,0.0,-0.009886103822253328,-0.13657028958797746,0.0
0.016668979901748277,0.19358378724541933,0.0,-0.009865026187190524,-0.13568843843366807,0.0
0.016570419121121314,0.19223129322600607,0.0,-0.009842977805299998,-0.13481062936585742,0.0
0.016472083688210327,0.1908875570293668,0.0,-0.00981999076613176,-0.13393688511287305,0.0
0.016373982831408417,0.18955253789846113,0.0,-0.009796096366869284,-0.1330672270785641,0.0
0.016276125470029792,0.1882261948687011,0.0,-0.009771325130604337,-0.13220167537786476,0.0
0.01617852022196101,0.18690848678066557,0.0,-0.009745706824198135,-0.1313402488715151,0.0
0.01608117541113561,0.18559937229247178,0.0,-0.009719270475738152,-0.13048296519995903,0.0
0.01598409907483617,0.18429880989181166,0.0,-0.009692044391599696,-0.1296298408164377,0.0
0.015887298970827683,0.1830067579076614,0.0,-0.009664056173121126,-0.1287808910192975,0.0
0.015790782584326084,0.18172317452167178,0.0,-0.009635332732901436,-0.1279361299835304,0.0
0.015694557134805647,0.18044801777924663,0.0,-0.009605900310728744,-0.12709557079156472,0.0
0.015598629582648914,0.17918124560031745,0.0,-0.009575784489147922,-0.126259225463323,0.0
0.015503006635642714,0.17792281578982072,0.0,-0.009545010208675602,-0.12542710498556447,0.0
0.015407694755323756,0.17667268604788547,0.0,-0.009513601782670396,-0.12459921934052834,0.0
0.015312700163177232,0.17543081397973778,0.0,-0.00948158291186622,-0.12377557753389394,0.0
0.015218028846691711,0.17419715710532907,0.0,-0.009448976698576203,-0.12295618762207369,0.0
0.015123686565273632,0.17297167286869478,0.0,-0.009415805660574714,-0.12214105673885406,0.0
0.01502967885602455,0.17175431864704974,0.0,-0.009382091744664667,-0.12133019112139956,0.0
0.014936011039384247,0.17054505175962673,0.0,-0.00934785633993728,-0.12052359613563474,0.0
0.014842688224642764,0.16934382947626417,0.0,-0.009313120290731154,-0.11972127630101803,0.0
0.01474971531532431,0.16815060902574921,0.0,-0.00927790390929751,-0.1189232353147219,0.0
0.014657097014445964,0.16696534760392182,0.0,-0.009242226988178216,-0.11812947607523265,0.0
0.014564837829654004,0.1657880023815457,0.0,-0.009206108812302976,-0.1173400007053835,0.0
0.014472942078240644,0.16461853051195177,0.0,-0.00916956817081217,-0.11655481057483388,0.0
0.014381413892043888,0.16345688913845954,0.0,-0.009132623368611401,-0.11577390632200765,0.0
0.014290257222233151,0.16230303540158167,0.0,-0.009095292237663885,-0.11499728787550283,0.0
0.014199475843983251,0.16115692644601717,0.0,-0.009057592148026547,-0.11422495447498493,0.0
0.014109073361039292,0.16001851942743814,0.0,-0.009019540018635624,-0.11345690469157588,0.0
0.014019053210174917,0.158887771519075,0.0,-0.008981152327847441,-0.11269313644775002,0.0
0.013929418665546362,0.15776463991810533,0.0,-0.00894244512373981,-0.11193364703674867,0.0
0.013840172842944662,0.15664908185185097,0.0,-0.008903434034179574,-0.11117843314152438,0.0
0.013751318703948339,0.15554105458378778,0.0,-0.008864134276661429,-0.11042749085322551,0.0
0.01366285905997882,0.15444051541937293,0.0,-0.008824560667923318,-0.10968081568923196,0.0
0.01357479657626079,0.15334742171169408,0.0,-0.00878472763334333,-0.10893840261075236,0.0
0.013487133775689657,0.1522617308669447,0.0,-0.008744649216123078,-0.10820024603999262,0.0
0.01339987304260823,0.15118340034972977,0.0,-0.008704339086262378,-0.1074663398769061,0.0
0.013313016626494676,0.15011238768820614,0.0,-0.00866381054932991,-0.10673667751553471,0.0
0.013226566645563759,0.14904865047906138,0.0,-0.008623076555034517,-0.1060112518599506,0.0
0.013140525090283359,0.14799214639233518,0.0,-0.00858214970560152,-0.10529005533980748,0.0
0.013054893826808182,0.1469428331760873,0.0,-0.008541042263958624,-0.10457307992551085,0.0
0.01296967460033254,0.14590066866091547,0.0,-0.008499766161735528,-0.10386031714301558,0.0
0.012884869038364045,0.14486561076432736,0.0,-0.008458333007081539,-0.1031517580882598,0.0
0.012800478653920038,0.14383761749496982,0.0,-0.008416754092305334,-0.10244739344124323,0.0
0.012716504848648476,0.1428166469567192,0.0,-0.008375040401340746,-0.10174721347975836,0.0
0.01263294891587502,0.141802657352636,0.0,-0.008333202617042623,-0.10105120809278238,0.0
0.012549812043578,0.14079560698878735,0.0,-0.008291251128316558,-0.10035936679353775,0.0
0.012467095317292894,0.1397954542779404,0.0,-0.008249196037086152,-0.09967167873222911,0.0
0.012384799722947943,0.13880215774313,0.0,-0.00820704716510163,-0.09898813270846393,0.0
0.012302926149632439,0.13781567602110376,0.0,-0.00816481406059327,-0.09830871718336436,0.0
0.012221475392299258,0.13683596786564733,0.0,-0.008122506004773145,-0.09763342029137717,0.0
0.012140448154403113,0.1358629921507934,0.0,-0.008080132018188697,-0.09696222985178919,0.0
0.012059845050475998,0.13489670787391658,0.0,-0.008037700866931362,-0.09629513337995463,0.0
0.011979666608641252,0.13393707415871783,0.0,-0.007995221068703623,-0.09563211809824121,0.0
0.011899913273067662,0.13298405025810045,0.0,-0.007952700898747564,-0.09497317094670163,0.0
0.011820585406364947,0.13203759555694097,0.0,-0.00791014839563819,-0.0943182785934766,0.0
0.011741683291921975,0.1310976695747572,0.0,-0.00786757136694446,-0.09366742744493585,0.0
0.011663207136189024,0.1301642319682761,0.0,-0.007824977394761042,-0.09302060365556296,0.0
0.011585157070905353,0.1292372425339043,0.0,-0.007782373841113714,-0.09237779313759023,0.0
0.011507533155273347,0.12831666121010327,0.0,-0.007739767853241248,-0.09173898157038926,0.0
0.011430335378080438,0.1274024480796718,0.0,-0.007697166368756606,-0.09110415440962283,0.0
0.011353563659770022,0.12649456337193826,0.0,-0.007654576120690106,-0.09047329689616383,0.0
0.011277217854462509,0.12559296746486476,0.0,-0.007612003642417253,-0.08984639406478657,0.0
0.011201297751927667,0.12469762088706544,0.0,-0.007569455272473841,-0.08922343075263568,0.0
0.01112580307950937,0.12380848431974129,0.0,-0.007526937159260872,-0.08860439160747793,0.0
0.011050733504003835,0.12292551859853339,0.0,-0.007484455265641735,-0.08798926109574198,0.0
0.010976088633492418,0.12204868471529692,0.0,-0.007442015373434159,-0.08737802351035093,0.0
0.010901868019130002,0.1211779438197978,0.0,-0.007399623087799196,-0.08677066297835262,0.0
0.010828071156890004,0.12031325722133393,0.0,-0.007357283841529707,-0.08616716346835233,0.0
0.010754697489266996,0.11945458639028331,0.0,-0.007315002899240447,-0.08556750879775257,0.0
0.010681746406937897,0.11860189295958044,0.0,-0.007272785361462129,-0.08497168263980426,0.0
0.010609217250382705,0.11775513872612335,0.0,-0.007230636168641509,-0.08437966853047406,0.0
0.01053710931146568,0.11691428565211269,0.0,-0.007188560105049722,-0.08379144987513185,0.0
0.01046542183497791,0.116079295866325,0.0,-0.0071465618026008235,-0.08320700995506272,0.0
0.01039415402014211,0.11525013166532154,0.0,-0.0071046457445826695,-0.08262633193380756,0.0
0.010323305022080561,0.11442675551459472,0.0,-0.00706281626930203,-0.08204939886333616,0.0
0.010252873953247015,0.11360913004965352,0.0,-0.007021077573645954,-0.08147619369005706,0.0
0.010182859884823389,0.11279721807704964,0.0,-0.006979433716561182,-0.0809066992606675,0.0
0.010113261848082073,0.11199098257534593,0.0,-0.006937888622453538,-0.08034089832784776,0.0
0.010044078835714645,0.11119038669602868,0.0,-0.006896446084509074,-0.07977877355580311,0.0
0.009975309803127736,0.11039539376436522,0.0,-0.0068551097679386995,-0.07922030752565726,0.0
0.009906953669706856,0.10960596728020822,0.0,-0.006813883213148112,-0.07866548274070058,0.0
0.009839009320048853,0.1088220709187484,0.0,-0.006772769838834633,-0.07811428163149672,0.0
0.009771475605163796,0.10804366853121675,0.0,-0.006731772945012616,-0.07756668656085088,0.0
0.009704351343646923,0.1072707241455377,0.0,-0.006690895715969091,-0.07702267982864283,0.0
0.009637635322821402,0.10650320196693484,0.0,-0.006650141223151153,-0.0764822436765283,0.0
0.009571326299852533,0.10574106637848998,0.0,-0.006609512427986674,-0.07594536029251135,0.0
0.009505423002834084,0.10498428194165735,0.0,-0.00656901218463986,-0.07541201181539119,0.0
0.009439924131847384,0.10423281339673386,0.0,-0.006528643242703075,-0.07488218033908613,0.0
0.00937482835999381,0.10348662566328672,0.0,-0.006488408249826415,-0.07435584791683782,0.0
0.00931013433440129,0.1027456838405396,0.0,-0.006448309754286424,-0.0738329965652984,0.0
0.009245840677205412,0.10200995320771855,0.0,-0.006408350207495335,-0.0733136082685035,0.0
0.009181945986505732,0.10127939922435868,0.0,-0.00636853196645216,-0.0727976649817337,0.0
0.009118448837297864,0.10055398753057279,0.0,-0.006328857296136982,-0.07228514863526726,0.0
0.009055347782381899,0.09983368394728309,0.0,-0.006289328371849685,-0.07177604113802648,0.0
0.00899264135324771,0.09911845447641683,0.0,-0.006249947281494412,-0.07127032438112044,0.0
0.008930328060937682,0.09840826530106714,0.0,-0.0062107160278109825,-0.0707679802412865,0.0
0.008868406396887383,0.09770308278561986,0.0,-0.006171636530554451,-0.070268990584233,0.0
0.008806874833744703,0.09700287347584753,0.0,-0.006132710628623969,-0.06977333726788545,0.0
0.008745731826167941,0.0963076040989713,0.0,-0.006093940082142151,-0.06928100214553871,0.0
0.008684975811603357,0.09561724156369178,0.0,-0.006055326574485987,-0.06879196706891719,0.0
0.008624605211042635,0.09493175296018987,0.0,-0.006016871714270477,-0.06830621389114543,0.0
0.008564618429760758,0.09425110556009811,0.0,-0.005978577037286015,-0.06782372446963121,0.0
0.00850501385803472,0.09357526681644383,0.0,-0.00594044400839054,-0.06734448066886323,0.0
0.008445789871843558,0.09290420436356464,0.0,-0.005902474023357572,-0.06686846436312538,0.0
0.008386944833550099,0.09223788601699716,0.0,-0.005864668410681048,-0.06639565743912981,0.0
0.008328477092564892,0.09157627977333993,0.0,-0.0058270284333379364,-0.06592604179857056,0.0
0.008270384985992703,0.09091935381009107,0.0,-0.005789555290509667,-0.06545959936059972,0.0
0.008212666839262008,0.09026707648546162,0.0,-0.0057522501192632325,-0.06499631206422812,0.0
0.008155320966737871,0.08961941633816516,0.0,-0.005715113996192897,-0.0645361618706522,0.0
0.008098345672318596,0.08897634208718465,0.0,-0.0056781479390234126,-0.06407913076550897,0.0
0.008041739250016541,0.08833782263151699,0.0,-0.005641352908175619,-0.06362520076106082,0.0
0.007985499984523454,0.08770382704989607,0.0,-0.005604729808295274,-0.06317435389831176,0.0
0.007929626151760707,0.08707432460049505,0.0,-0.00556827948974595,-0.06272657224905694,0.0
0.00787411601941477,0.08644928472060841,0.0,-0.005532002750066795,-0.06228183791786695,0.0
0.007818967847458296,0.08582867702631451,0.0,-0.0054959003353960015,-0.06184013304400857,0.0
0.007764179888657116,0.08521247131211929,0.0,-0.005459972941860707,-0.06140143980330346,0.0
0.0077097503890635214,0.08460063755058157,0.0,-0.0054242212169341355,-0.06096574040992637,0.0
0.007655677588496122,0.08399314589192086,0.0,-0.005388645760760677,-0.060533017118144364,0.0
0.00760195972100662,0.08338996666360783,0.0,-0.005353247127449695,-0.06010325222399844,0.0
0.0075485950153337915,0.08279107036993845,0.0,-0.005318025826338703,-0.05967642806692906,0.0
0.007495581695344991,0.08219642769159202,0.0,-0.005282982323226658,-0.05925252703134692,0.0
0.00744291798046547,0.08160600948517384,0.0,-0.005248117041578043,-0.05883153154815027,0.0
0.0073906020860957985,0.08101978678274292,0.0,-0.005213430363698368,-0.058413424096190256,0.0
0.007338632224017666,0.08043773079132534,0.0,-0.00517892263188179,-0.05799818720368545,0.0
0.0072870066027883535,0.07985981289241363,0.0,-0.005144594149531445,-0.05758580344958681,0.0
0.007235723428124126,0.07928600464145284,0.0,-0.0051104451822531465,-0.057176255464894465,0.0
0.007184780903272826,0.07871627776731362,0.0,-0.005076475958923016,-0.05676952593392736,0.0
0.007134177229375915,0.07815060417175283,0.0,-0.005042686672729692,-0.05636559759554702,0.0
0.007083910605820219,0.07758895592886224,0.0,-0.005009077482191653,-0.0559644532443366,0.0
0.007033979230579623,0.07703130528450546,0.0,-0.0049756485121502415,-0.055566075731736275,0.0
0.006984381300546953,0.07647762465574393,0.0,-0.004942399854738941,-0.05517044796713618,0.0
0.006935115011856286,0.07592788663025209,0.0,-0.004909331570329437,-0.05477755291892781,0.0
0.006886178560195909,0.07538206396572222,0.0,-0.004876443688455011,-0.05438737361551511,0.0
0.006837570141112157,0.07484012958925948,0.0,-0.0048437362087117705,-0.053999893146286136,0.0
0.006789287950304346,0.07430205659676725,0.0,-0.004811209101638229,-0.053615094662546395,0.0
0.006741330183911024,0.07376781825232351,0.0,-0.004778862309573718,-0.05323296137841472,0.0
0.006693695038787728,0.0732373879875483,0.0,-0.004746695747496123,-0.05285347657168278,0.0
0.00664638071277648,0.07271073940096286,0.0,-0.004714709303839426,-0.052476623584639025,0.0
0.006599385404967196,0.07218784625734066,0.0,-0.004682902841291505,-0.052102385824858044,0.0
0.0065527073159512205,0.0716686824870507,0.0,-0.004651276197572628,-0.05173074676595624,0.0
0.006506344648067167,0.07115322218539345,0.0,-0.004619829186195111,-0.05136168994831463,0.0
0.0064602956056392545,0.0706414396119297,0.0,-0.004588561597204569,-0.05099519897976968,0.0
0.006414558395208327,0.07013330918980265,0.0,-0.004557473197903142,-0.050631257536272956,0.0
0.0063691312257557215,0.06962880550505358,0.0,-0.004526563733555162,-0.050269849362520415,0.0
0.006324012308920174,0.06912790330593138,0.0,-0.004495832928075634,-0.04991095827255217,0.0
0.006279199859207915,0.06863057750219619,0.0,-0.004465280484701921,-0.049554568150323414,0.0
0.006234692094196141,0.06813680316441749,0.0,-0.004434906086649045,-0.04920066295024735,0.0
0.0061904872347300095,0.06764655552326697,0.0,-0.0044047093977489385,-0.04884922669771078,0.0
0.006146583505113314,0.06715980996880622,0.0,-0.004374690063074061,-0.04850024348956313,0.0
0.006102979133293012,0.06667654204976979,0.0,-0.004344847709545714,-0.0481536974945796,0.0
0.006059672351037734,0.06619672747284373,0.0,-0.004315181946527383,-0.047809572953899086,0.0
0.00601666139411044,0.06572034210193983,0.0,-0.004285692366403515,-0.04746785418143764,0.0
0.005973944502435354,0.06524736195746587,0.0,-0.004256378545144007,-0.04712852556427798,0.0
0.0059315199202593285,0.06477776321559207,0.0,-0.0042272400428547624,-0.046791571563035844,0.0
0.00588938589630777,0.06431152220751404,0.0,-0.004198276404314611,-0.04645697671220364,0.0
0.005847540683935261,0.06384861541871235,0.0,-0.004169487159498961,-0.0461247256204722,0.0
0.0058059825412710145,0.06338901948820905,0.0,-0.004140871824090414,-0.04579480297103105,0.0
0.005764709731359282,0.0629327112078212,0.0,-0.00411242989997671,-0.04546719352184791,0.0
0.005723720522294845,0.06247966752141178,0.0,-0.004084160875736251,-0.04514188210592786,0.0
0.005683013187353718,0.062029865524138146,0.0,-0.004056064227111506,-0.044818853631552885,0.0
0.005642586005119168,0.061583282461698065,0.0,-0.004028139417470594,-0.0444980930825022,0.0
0.005602437259603183,0.061139895729573734,0.0,-0.00400038589825727,-0.04417958551825396,0.0
0.005562565240363496,0.06069968287227384,0.0,-0.00397280310942964,-0.04386331607416882,0.0
0.005522968242616275,0.06026262158257388,0.0,-0.003945390479887824,-0.04354926996165592,0.0
0.0054836445673445925,0.059828689700754924,0.0,-0.003918147427890841,-0.04323743246832171,0.0
0.005444592521402782,0.059397865213840925,0.0,-0.0038910733614629586,-0.042927788958102085,0.0
0.005405810417616776,0.05897012625483485,0.0,-0.003864167678789766,-0.04262032487137847,0.0
0.00536729657488054,0.05854545110195369,0.0,-0.0038374297686041676,-0.04231502572507801,0.0
0.005329049318248691,0.05812381817786253,0.0,-0.0038108590105625966,-0.042011877112758604,0.0
0.00529106697902541,0.057705206048907935,0.0,-0.0037844547756116153,-0.041710864704679045,0.0
0.005253347894849723,0.05728959342435056,0.0,-0.003758216426345152,-0.04141197424785474,0.0
0.00521589040977727,0.05687695915559742,0.0,-0.0037321433173525907,-0.04111519156609945,0.0
0.005178692874358626,0.05646728223543371,0.0,-0.003706234795557933,-0.04082050256005339,0.0
0.005141753645714282,0.056060541797254435,0.0,-0.0036804902005502208,-0.040527893207198164,0.0
0.005105071087606363,0.05565671711429602,0.0,-0.00365490886490543,-0.040237349561858864,0.0
0.005068643570507164,0.05525578759886785,0.0,-0.003629490114500048,-0.039948857755193704,0.0
0.005032469471664601,0.05485773280158407,0.0,-0.003604233268816518,-0.039662403995171604,0.0
0.004996547175164635,0.05446253241059561,0.0,-0.003579137641240734,-0.03937797456653807,0.0
0.004960875071990774,0.054070166250822636,0.0,-0.0035542025393517844,-0.03909555583076965,0.0
0.004925451560080702,0.05368061428318752,0.0,-0.003529427265204111,-0.03881513422601744,0.0
0.004890275044380137,0.053293856603848375,0.0,-0.0035048111156022765,-0.03853669626703982,0.0
0.004855343936893965,0.05290987344343341,0.0,-0.0034803533823685056,-0.03826022854512486,0.0
0.0048206566567347425,0.05252864516627601,0.0,-0.0034560533526031656,-0.03798571772800269,0.0
0.004786211630168627,0.05215015226965081,0.0,-0.0034319103089383565,-0.037713150559748075,0.0
0.004752007290658804,0.05177437538301074,0.0,-0.003407923529784774,-0.03744251386067362,0.0
0.004718042078906481,0.051401295267225255,0.0,-0.0033840922895719944,-0.037173794527213755,0.0
0.0046843144428895065,0.0510308928138197,0.0,-0.0033604158589823486,-0.03690697953179992,0.0
0.004650822837898689,0.05066314904421599,0.0,-0.0033368935051785262,-0.036642055922727144,0.0
0.0046175657265718605,0.05029804510897469,0.0,-0.00331352449202506,-0.036379010824012306,0.0
0.004584541578925769,0.049935562287038514,0.0,-0.0032903080803038335,-0.03611783143524441,0.0
0.00455174887238583,0.04957568198497738,0.0,-0.0032672435279237624,-0.03585850503142702,0.0
0.004519186091813823,0.0492183857362351,0.0,-0.003244330090124763,-0.0356010189628132,0.0
0.004486851729533567,0.04886365520037769,0.0,-0.003221567019676176,-0.03534536065473321,0.0
0.004454744285354647,0.04851147216234354,0.0,-0.0031989535670697497,-0.0350915176074151,0.0
0.004422862266594229,0.0481618185316953,0.0,-0.0031764889807073204,-0.03483947739579855,0.0
0.004391204188097032,0.04781467634187376,0.0,-0.003154172507083321,-0.034589227669342124,0.0
0.004359768572253495,0.04747002774945362,0.0,-0.003132003390962229,-0.03434075615182421,0.0
0.004328553949016196,0.04712785503340133,0.0,-0.0031099808755510883,-0.034094050641137796,0.0
0.004297558855914575,0.046788140594334955,0.0,-0.0030881042026672067,-0.03384909900907932,0.0
0.0042667818380679925,0.04645086695378625,0.0,-0.00306637261290115,-0.033605889201131875,0.0
0.004236221448197191,0.046116016753464883,0.0,-0.0030447853457751532,-0.03336440923624285,0.0
0.004205876246634194,0.045783572754524916,0.0,-0.0030233416398970448,-0.0331246472065963,0.0
0.004175744801330682,0.04545351783683359,0.0,-0.0030020407331097895,-0.032886591277380195,0.0
0.004145825687864901,0.04512583499824248,0.0,-0.0029808818626367805,-0.03265022968654873,0.0
0.0041161174894471355,0.04480050735386102,0.0,-0.002959864265222943,-0.032415550744579906,0.0
0.00408661879692379,0.04447751813533252,0.0,-0.002938987177271778,-0.03218254283422855,0.0
0.004057328208780125,0.044156850690112597,0.0,-0.002918249834978441,-0.03195119441027493,0.0
0.004028244331141678,0.04383848848075025,0.0,-0.0028976514744589285,-0.03172149399926915,0.0
0.0039993657777744095,0.0435224150841714,0.0,-0.0028771913318755065,-0.03149343019927152,0.0
0.003970691170083621,0.043208614190965146,0.0,-0.002856868643558418,-0.03126699167958898,0.0
0.003942219137111665,0.04289706960467258,0.0,-0.0028366826461240047,-0.031042167180507844,0.0
0.0039139483155345,0.04258776524107838,0.0,-0.0028166325765893235,-0.03081894551302289,0.0
0.003885877349657108,0.04228068512750507,0.0,-0.0027967176724832993,-0.030597315558563085,0.0
0.003858004891407827,0.041975813402110054,0.0,-0.002776937171954561,-0.030377266268713975,0.0
0.0038303296003316108,0.04167313431318548,0.0,-0.0027572903138759937,-0.030158786664936935,0.0
0.0038028501435822706,0.041372632218460846,0.0,-0.002737776337946104,-0.02994186583828541,0.0
0.0037755651959137096,0.041074291584408555,0.0,-0.00271839448478728,-0.02972649294911829,0.0
0.0037484734396701956,0.04077809698555227,0.0,-0.002699143996041007,-0.029512657226810502,0.0
0.003721573564775694,0.040484033103778225,0.0,-0.0026800241144601367,-0.02930034796946103,0.0
0.003694864268722293,0.04019208472764944,0.0,-0.0026610340839982463,-0.029089554543598406,0.0
0.003668344256557751,0.03990223675172289,0.0,-0.002642173149896197,-0.028880266383883833,0.0
0.003642012240872191,0.03961447417586973,0.0,-0.002623440558765928,-0.028672472992812066,0.0
0.0036158669417839695,0.039328782104598385,0.0,-0.002604835558671587,-0.028466163940410124,0.0
0.0035899070869247493,0.03904514574638079,0.0,-0.002586357399208017,-0.028261328863934,0.0
0.0035641314114238003,0.03876355041298159,0.0,-0.0025680053315767144,-0.028057957467563423,0.0
0.003538538657891551,0.03848398151879046,0.0,-0.0025497786086592813,-0.027856039522094825,0.0
0.0035131275764024215,0.03820642458015747,0.0,-0.002531676485088461,-0.02765556486463257,0.0
0.003487896924476954,0.037930865214731546,0.0,-0.0025136982173167904,-0.027456523398278594,0.0
0.0034628454670632717,0.03765728914080205,0.0,-0.0024958430636829593,-0.027258905091820506,0.0
0.003437971976517883,0.03738568217664348,0.0,-0.0024781102844759016,-0.027062699979418296,0.0
0.003413275232585858,0.037116030239863346,0.0,-0.0024604991419966992,-0.02686789816028967,0.0
0.003388754022380397,0.03684831934675314,0.0,-0.0024430089006183325,-0.026674489798394197,0.0
0.003364407140361808,0.03658253561164249,0.0,-0.0024256388268433567,-0.026482465122116255,0.0
0.003340233388315924,0.03631866524625655,0.0,-0.0024083881893595276,-0.026291814423946947,0.0
0.003316231575331968,0.03605669455907646,0.0,-0.0023912562590934446,-0.026102528060165008,0.0
0.0032924005177798962,0.0357966099547031,0.0,-0.0023742423092622624,-0.02591459645051683,0.0
0.0032687390392872307,0.03553839793322403,0.0,-0.0023573456154235063,-0.025728010077895623,0.0
0.0032452459707154047,0.0352820450895836,0.0,-0.0023405654555230518,-0.02554275948801988,0.0
0.003221920150135636,0.035027538112956315,0.0,-0.0023239011099413106,-0.02535883528911111,0.0
0.003198760422804349,0.034774863786123406,0.0,-0.002307351861537664,-0.025176228151571008,0.0
0.0031757656411381583,0.03452400898485266,0.0,-0.0022909169956931946,-0.02499492880765806,0.0
0.003152934664688437,0.03427496067728146,0.0,-0.0022745958003517514,-0.024814928051163716,0.0
0.003130266360115481,0.034027705923303085,0.0,-0.0022583875660594057,-0.024636216737088112,0.0
0.0031077596011622835,0.033782231873956216,0.0,-0.002242291586002315,-0.02445878578131551,0.0
0.0030854132686279454,0.03353852577081775,0.0,-0.0022263071560430607,-0.024282626160289412,0.0
0.0030632262503407235,0.0332965749453988,0.0,-0.0022104335747554806,-0.024107728910687503,0.0
0.003041197441130741,0.033056366818544014,0.0,-0.002194670143458043,-0.02393408512909641,0.0
0.003019325742802372,0.03281788889983407,0.0,-0.002179016166245799,-0.023761685971686375,0.0
0.00299761006410631,0.0325811287869915,0.0,-0.0021634709500209463,-0.023590522653885875,0.0
0.002976049320711343,0.03234607416528971,0.0,-0.002148033804522048,-0.023420586450056263,0.0
0.0029546424351758376,0.032112712806965274,0.0,-0.002132704042351928,-0.02325186869316646,0.0
0.0029333883369189544,0.03188103257063351,0.0,-0.00211748097900429,-0.023084360774467766,0.0
0.0029122859621916017,0.03165102140070725,0.0,-0.0021023639328890914,-0.022918054143168845,0.0
0.0028913342540471424,0.0314226673268189,0.0,-0.002087352225356696,-0.022752940306110896,0.0
0.0028705321623118656,0.031195958463245747,0.0,-0.002072445180720852,-0.022589010827443086,0.0
0.0028498786435552327,0.03097088300833848,0.0,-0.0020576421262804984,-0.0224262573282983,0.0
0.0028293726610599135,0.030747429243952983,0.0,-0.0020429423923404764,-0.022264671486469215,0.0
0.002809013184791619,0.03052558553488535,0.0,-0.002028345312231131,-0.02210424503608478,0.0
0.002788799191368744,0.030305340328310136,0.0,-0.002013850222326849,-0.021944969767287097,0.0
0.0027687296640318297,0.03008668215322184,0.0,-0.0019994564620635677,-0.021786837525908796,0.0
0.002748803592612856,0.029869599619879617,0.0,-0.001985163373955278,-0.021629840213150887,0.0
0.0027290199735043753,0.029654081419255178,0.0,-0.001970970303609536,-0.02147396978526118,0.0
0.0027093778096284934,0.02944011632248395,0.0,-0.001956876599742029,-0.02131921825321327,0.0
0.0026898761104057122,0.029227693180319415,0.0,-0.0019428816141902135,-0.021165577682386128,0.0
0.002670513891723638,0.029016800922590635,0.0,-0.001928984701926045,-0.02101304019224435,0.0
0.002651290175905568,0.02880742855766302,0.0,-0.0019151852210678299,-0.02086159795601908,0.0
0.002632203991678966,0.02859956517190223,0.0,-0.0019014825328912237,-0.020711243200389636,0.0
0.002613254374143825,0.02839319992914129,0.0,-0.001887876001839396,-0.0205619682051659,0.0
0.0025944403647409396,0.02818832207015087,0.0,-0.001874364995532388,-0.020413765302971443,0.0
0.0025757610112200845,0.027984920912112726,0.0,-0.0018609488847756812,-0.020266626878927475,0.0
0.002557215367608113,0.027782985848096294,0.0,-0.0018476270435680037,-0.02012054537033761,0.0
0.0025388024941769803,0.02758250634653845,0.0,-0.0018343988491083864,-0.019975513266373496,0.0
0.0025205214574117,0.027383471950726383,0.0,-0.0018212636818025082,-0.019831523107761293,0.0
0.002502371329978243,0.027185872278283618,0.0,-0.0018082209252683237,-0.019688567486469088,0.0
0.0024843511906913786,0.026989697020659162,0.0,-0.0017952699663410171,-0.01954663904539522,0.0
0.0024664601244824753,0.02679493594261974,0.0,-0.001782410195077295,-0.019405730478057555,0.0
0.0024486972223672584,0.026601578881745164,0.0,-0.0017696410047590206,-0.01926583452828374,0.0
0.0024310615814135345,0.026409615747926763,0.0,-0.0017569617918962344,-0.019126943989902428,0.0
0.0024135523047088903,0.026219036522868926,0.0,-0.0017443719562295647,-0.018989051706435552,0.0
0.00239616850132837,0.026029831259593697,0.0,-0.0017318709007320364,-0.018852150570791603,0.0
0.0023789092863021367,0.025841990081948433,0.0,-0.0017194580316103167,-0.018716233524959977,0.0
0.0023617737805831252,0.02565550318411652,0.0,-0.0017071327583054006,-0.018581293559706384,0.0
0.0023447611110146895,0.02547036083013114,0.0,-0.0016948944934927497,-0.018447323714269347,0.0
0.0023278704102982534,0.02528655335339203,0.0,-0.0016827426530819146,-0.01831431707605781,0.0
0.002311100816960966,0.02510407115618531,0.0,-0.0016706766562156374,-0.018182266780349867,0.0
0.0022944514753233686,0.024922904709206273,0.0,-0.0016586959252684705,-0.018051166009992622,0.0
0.00227792153546708,0.024743044551085204,0.0,-0.001646799885844905,-0.01792100799510321,0.0
0.0022615101532024997,0.024564481287916155,0.0,-0.0016349879667770396,-0.017791786012770986,0.0
0.0022452164900365395,0.02438720559278872,0.0,-0.001623259600121797,-0.01766349338676088,0.0
0.0022290397131403835,0.024211208205322746,0.0,-0.0016116142211576995,-0.01753612348721795,0.0
0.002212978995317283,0.02403647993120601,0.0,-0.0016000512683812245,-0.017409669730373167,0.0
0.0021970335149703907,0.023863011641734825,0.0,-0.0015885701835027463,-0.01728412557825037,0.0
0.0021812024560706363,0.02369079427335756,0.0,-0.0015771704114420806,-0.017159484538374493,0.0
0.00216548500812465,0.023519818827221095,0.0,-0.0015658514003236378,-0.017035740163481014,0.0
0.0021498803661427345,0.02335007636872016,0.0,-0.0015546126014712096,-0.01691288605122665,0.0
0.0021343877306068933,0.023181558027049555,0.0,-0.0015434534694023887,-0.016790915843901324,0.0
0.002119006307438915,0.023014254994759262,0.0,-0.0015323734618226386,-0.0166698232281414,0.0
0.002103735307968519,0.022848158527312406,0.0,-0.001521372039619026,-0.016549601934644182,0.0
0.0020885739489015656,0.02268325994264606,0.0,-0.0015104486668536194,-0.016430245737883726,0.0
0.0020735214522883344,0.022519550620734897,0.0,-0.0014996028107565759,-0.016311748455827925,0.0
0.0020585770454918722,0.02235702200315767,0.0,-0.0014888339417189202,-0.016194103949656903,0.0
0.002043739961156416,0.02219566559266647,0.0,-0.0014781415332850184,-0.01607730612348273,0.0
0.002029009437175891,0.022035472952758824,0.0,-0.0014675250621447756,-0.01596134892407043,0.0
0.002014384716662491,0.021876435707252537,0.0,-0.0014569840081255499,-0.01584622634056035,0.0
0.001999865047915338,0.021718545539863337,0.0,-0.0014465178541838001,-0.0157319324041918,0.0
0.001985449684389227,0.021561794193785247,0.0,-0.0014361260863964718,-0.01561846118802809,0.0
0.0019711378846634605,0.021406173471273715,0.0,-0.0014258081939521382,-0.015505806806682869,0.0
0.0019569289124107716,0.021251675233231484,0.0,-0.0014155636691418967,-0.015393963416047807,0.0
0.0019428220363663382,0.021098291398797157,0.0,-0.001405392007350035,-0.01528292521302165,0.0
0.0019288165302968929,0.020946013944936476,0.0,-0.001395292707044468,-0.015172686435240597,0.0
0.00191491167296993,0.020794834906036293,0.0,-0.0013852652697669665,-0.015063241360810057,0.0
0.0019011067481230107,0.02064474637350121,0.0,-0.0013753092001231727,-0.014954584308037762,0.0
0.0018874010444331689,0.02049574049535289,0.0,-0.001365424005772416,-0.014846709635168223,0.0
0.0018737938554864203,0.020347809475831997,0.0,-0.0013556091974173358,-0.01473961174011858,0.0
0.0018602844797473766,0.020200945575002797,0.0,-0.00134586428879332,-0.0146332850602158,0.0
0.0018468722205289652,0.020055141108360364,0.0,-0.0013361887966577633,-0.014527724071935252,0.0
0.0018335563859622585,0.0199103884464404,0.0,-0.0013265822407791572,-0.01442292329064065,0.0
0.001820336288966412,0.019766680014431635,0.0,-0.0013170441439260116,-0.014318877270325377,0.0
0.001807211247218715,0.019624008291790826,0.0,-0.001307574031855619,-0.01421558060335518,0.0
0.0017941805831247536,0.019482365811860317,0.0,-0.0012981714333026705,-0.014113027920212231,0.0
0.001781243623788689,0.019341745161488136,0.0,-0.0012888358799677247,-0.014011213889240587,0.0
0.001768399700983651,0.019202138980650655,0.0,-0.0012795669065055334,-0.013910133216393004,0.0
0.0017556481511222508,0.01906353996207776,0.0,-0.0012703640505132418,-0.013809780644979142,0.0
0.0017429883152272098,0.018925940850880528,0.0,-0.001261226852518456,-0.013710150955415145,0.0
0.0017304195389021106,0.018789334444181415,0.0,-0.0012521548559671892,-0.013611238964974598,0.0
0.001717941172302268,0.01865371359074692,0.0,-0.0012431476072116922,-0.013513039527540863,0.0
0.0017055525701057225,0.01851907119062271,0.0,-0.0012342046554981753,-0.013415547533360786,0.0
0.0016932530914843583,0.018385400194771227,0.0,-0.0012253255529544236,-0.013318757908799786,0.0
0.0016810421000751433,0.018252693604711708,0.0,-0.0012165098545773088,-0.013222665616098321,0.0
0.0016689189639514965,0.018120944472162653,0.0,-0.0012077571182202076,-0.013127265653129716,0.0
0.0016568830555947812,0.01799014589868669,0.0,-0.0011990669045803324,-0.013032553053159377,0.0
0.0016449337518659253,0.017860291035337872,0.0,-0.0011904387771859708,-0.01293852288460537,0.0
0.001633070433977169,0.017731373082311323,0.0,-0.001181872302383647,-0.01284517025080037,0.0
0.0016212924874639428,0.017603385288595282,0.0,-0.0011733670493252056,-0.012752490289754972,0.0
0.0016095993021568735,0.017476320951625504,0.0,-0.0011649225899548232,-0.012660478173922378,0.0
0.0015979902721539214,0.017350173416942002,0.0,-0.0011565384989959495,-0.012569129109964439,0.0
0.0015864647957926485,0.017224936077848124,0.0,-0.0011482143539381876,-0.012478438338519065,0.0
0.0015750222756226169,0.017100602375071952,0.0,-0.0011399497350241116,-0.012388401133968982,0.0
0.0015636621183779218,0.01697716579643,0.0,-0.0011317442252360272,-0.012299012804211855,0.0
0.0015523837349498547,0.016854619876493213,0.0,-0.0011235974102826827,-0.01221026869043176,0.0
0.0015411865403597014,0.01673295819625523,0.0,-0.0011155088785859287,-0.012122164166872007,0.0
0.0015300699537316726,0.016612174382802936,0.0,-0.0011074782212673344,-0.012034694640609309,0.0
0.0015190333982659698,0.01649226210898924,0.0,-0.0010995050321347581,-0.011947855551329295,0.0
0.0015080763012119843,0.0163732150931081,0.0,-0.0010915889076688848,-0.011861642371103364,0.0
0.0014971980938416325,0.0162550270985718,0.0,-0.0010837294470097264,-0.011776050604166872,0.0
0.0014863982114228249,0.01613769193359037,0.0,-0.001075926251943086,-0.011691075786698668,0.0
0.0014756760931930717,0.016021203450853293,0.0,-0.0010681789268870009,-0.01160671348660193,0.0
0.0014650311823332241,0.015905555547213318,0.0,-0.0010604870788781537,-0.01152295930328636,0.0
0.001454462925941351,0.015790742163372496,0.0,-0.0010528503175582654,-0.011439808867451677,0.0
0.0014439707750067525,0.01567675728357035,0.0,-0.0010452682551604618,-0.011357257840872445,0.0
0.0014335541843841092,0.015563594935274204,0.0,-0.0010377405064956311,-0.011275301916184201,0.0
0.001423212612767769,0.01545124918887162,0.0,-0.00103026668893876,-0.011193936816670904,0.0
0.0014129455226661693,0.01533971415736499,0.0,-0.001022846422415262,-0.011113158296053685,0.0
0.001402752380376398,0.015228983996068205,0.0,-0.001015479329387296,-0.011032962138280896,0.0
0.0013926326559588894,0.01511905290230543,0.0,-0.0010081650348400745,-0.010953344157319465,0.0
0.0013825858232122575,0.01500991511511195,0.0,-0.0010009031662681757,-0.010874300196947536,0.0
0.0013726113596482668,0.014901564914937097,0.0,-0.0009936933536618406,-0.010795826130548393,0.0
0.0013627087464669408,0.014793996623349221,0.0,-0.0009865352294932846,-0.010717917860905682,0.0
0.001352877468531805,0.0146872046027427,0.0,-0.0009794284287030007,-0.010640571319999898,0.0
0.00134311701434527,0.01458118325604699,0.0,-0.0009723725886860728,-0.010563782468806151,0.0
0.0013334268760241482,0.01447592702643768,0.0,-0.0009653673492784926,-0.010487547297093208,0.0
0.0013238065492753104,0.014371430397049556,0.0,-0.0009584123527434877,-0.010411861823223779,0.0
0.001314255533371477,0.014267687890691655,0.0,-0.0009515072437578598,-0.010336722093956089,0.0
0.0013047733311271467,0.0141646940695643,0.0,-0.0009446516693983327,-0.010262124184246683,0.0
0.001295359448874661,0.01406244353497809,0.0,-0.0009378452791279178,-0.010188064197054493,0.0
0.0012860133964404058,0.013960930927074854,0.0,-0.0009310877247822937,-0.010114538263146136,0.0
0.0012767346871211491,0.013860150924550544,0.0,-0.0009243786605562059,-0.01004154254090247,0.0
0.001267522837660514,0.013760098244380053,0.0,-0.0009177177429898816,-0.009969073216126362,0.0
0.0012583773682255874,0.01366076764154395,0.0,-0.0009111046309554715,-0.009897126501851703,0.0
0.001249297802383665,0.013562153908757122,0.0,-0.0009045389856435093,-0.009825698638153633,0.0
0.0012402836670791317,0.0134642518761993,0.0,-0.0008980204705493967,-0.009754785891959989,0.0
0.0012313344926104758,0.013367056411247476,0.0,-0.0008915487514599159,-0.009684384556863967,0.0
0.0012224498126074386,0.013270562418210173,0.0,-0.0008851234964397676,-0.00961449095293799,0.0
0.0012136291640082995,0.013174764838063588,0.0,-0.0008787443758181359,-0.009545101426548772,0.0
0.0012048720870372939,0.01307965864818956,0.0,-0.0008724110621752865,-0.009476212350173582,0.0
0.0011961781251821656,0.012985238862115384,0.0,-0.0008661232303291933,-0.009407820122217705,0.0
0.0011875468251718528,0.012891500529255433,0.0,-0.0008598805573221984,-0.009339921166833076,0.0
0.0011789777369543074,0.012798438734654598,0.0,-0.0008536827224077042,-0.0092725119337381,0.0
0.001170470413674447,0.012706048598733517,0.0,-0.0008475294070369024,-0.009205588898038642,0.0
0.0011620244116522399,0.012614325277035588,0.0,-0.0008414202948455369,-0.009139148560050193,0.0
0.0011536392903609214,0.012523263959975762,0.0,-0.0008353550716407055,-0.009073187445121186,0.0
0.0011453146124053436,0.012432859872591089,0.0,-0.0008293334253876954,-0.009007702103457482,0.0
0.0011370499435004544,0.012343108274293016,0.0,-0.0008233550461968627,-0.008942689109947992,0.0
0.0011288448524499094,0.012254004458621423,0.0,-0.0008174196263105489,-0.008878145063991464,0.0
0.0011206989111248143,0.01216554375300039,0.0,-0.0008115268600900384,-0.008814066589324387,0.0
0.0011126116944425958,0.012077721518495671,0.0,-0.0008056764440025584,-0.008750450333850045,0.0
0.0011045827803460048,0.011990533149573877,0.0,-0.0007998680766083213,-0.008687292969468696,0.0
0.001096611749782247,0.011903974073863349,0.0,-0.0007941014585476097,-0.008624591191908866,0.0
0.0010886981866822436,0.011818039751916719,0.0,-0.0007883762925279052,-0.008562341720559771,0.0
0.0010808416779400194,0.011732725676975128,0.0,-0.0007826922833110671,-0.008500541298304834,0.0
0.0010730418133922208,0.01164802737473412,0.0,-0.0007770491377005482,-0.008439186691356328,0.0
0.0010652981857977595,0.011563940403111173,0.0,-0.0007714465645286634,-0.008378274689091095,0.0
0.001057610390817584,0.011480460352014865,0.0,-0.0007658842746439072,-0.008317802103887377,0.0
0.0010499780269945783,0.011397582843115676,0.0,-0.0007603619808983095,-0.008257765770962726,0.0
0.0010424006957335855,0.011315303529618403,0.0,-0.0007548793981348505,-0.00819816254821299,0.0
0.0010348780012815588,0.011233618096036173,0.0,-0.0007494362431749192,-0.008138989316052392,0.0
0.0010274095507078358,0.011152522257966053,0.0,-0.0007440322348058215,-0.008080242977254657,0.0
0.0010199949538845393,0.011072011761866249,0.0,-0.0007386670937683401,-0.008021920456795223,0.0
0.0010126338234671003,0.010992082384834873,0.0,-0.0007333405427443448,-0.007964018701694497,0.0
0.0010053257748749067,0.010912729934390268,0.0,-0.000728052306344452,-0.007906534680862167,0.0
0.000998070426272074,0.010833950248252896,0.0,-0.0007228021110957398,-0.007849465384942564,0.0
0.0009908673985483385,0.010755739194128753,0.0,-0.0007175896854295112,-0.007792807826161063,0.0
0.000983716315300073,0.010678092669494328,0.0,-0.0007124147596691132,-0.007736559038171515,0.0
0.0009766168028114248,0.010601006601383075,0.0,-0.0007072770660178056,-0.007680716075904714,0.0
0.0009695684900355724,0.010524476946173393,0.0,-0.0007021763385466856,-0.007625276015417881,0.0
0.0009625710085761059,0.010448499689378114,0.0,-0.0006971123131826676,-0.007570235953745175,0.0
0.0009556239926685249,0.010373070845435477,0.0,-0.0006920847276965122,-0.007515593008749202,0.0
0.000948727079161857,0.01029818645750158,0.0,-0.0006870933216909145,-0.007461344318973546,0.0
0.0009418799075003946,0.010223842597244305,0.0,-0.0006821378365886448,-0.007407487043496287,0.0
0.0009350821197055504,0.010150035364638698,0.0,-0.0006772180156207452,-0.007354018361784518,0.0
0.0009283333603578311,0.010076760887763802,0.0,-0.00067233360381478,-0.00730093547354985,0.0
0.0009216332765789268,0.010004015322600939,0.0,-0.0006674843479831459,-0.007248235598604904,0.0
0.0009149815180139191,0.009931794852833398,0.0,-0.0006626699967114319,-0.0071959159767207735,0.0
0.0009083777368136037,0.009860095689647573,0.0,-0.0006578903003468416,-0.0071439738674854624,0.0
0.0009018215876169291,0.009788914071535489,0.0,-0.0006531450109866677,-0.007092406550163288,0.0
0.0008953127275335509,0.009718246264098741,0.0,-0.000648433882466824,-0.00704121132355524,0.0
0.0008888508161264991,0.009648088559853822,0.0,-0.000643756670350435,-0.006990385505860302,0.0
0.0008824355153949609,0.00957843727803883,0.0,-0.0006391131319164822,-0.006939926434537714,0.0
0.0008760664897571751,0.00950928876442155,0.0,-0.0006345030261485058,-0.006889831466170178,0.0
0.000869743406033441,0.009440639391108903,0.0,-0.0006299261137233667,-0.006840097976328007,0.0
0.0008634659334292374,0.009372485556357741,0.0,-0.0006253821570000633,-0.0067907233594342,0.0
0.0008572337435184554,0.009304823684386994,0.0,-0.0006208709200086066,-0.0067417050286304415,0.0
0.0008510465102267397,0.009237650225191145,0.0,-0.0006163921684389525,-0.0066930404156440295,0.0
0.000844903909814943,0.009170961654355042,0.0,-0.0006119456696299921,-0.006644726970655709,0.0
0.0008388056208626881,0.009104754472870015,0.0,-0.0006075311925586003,-0.006596762162168418,0.0
0.0008327513242520397,0.009039025206951308,0.0,-0.0006031485078287421,-0.006549143476876944,0.0
0.0008267407031512859,0.008973770407856806,0.0,-0.000598797387660635,-0.006501868419538461,0.0
0.0008207734429988265,0.00890898665170706,0.0,-0.0005944776058799708,-0.006454934512843983,0.0
0.0008148492314871699,0.008844670539306584,0.0,-0.0005901889379071964,-0.006408339297290681,0.0
0.0008089677585470358,0.00878081869596643,0.0,-0.0005859311607468496,-0.0063620803310550965,0.0
0.0008031287163315653,0.008717427771328019,0.0,-0.0005817040529769561,-0.006316155189867229,0.0
0.0007973317992006362,0.00865449443918824,0.0,-0.0005775073947384825,-0.006270561466885487,0.0
0.0007915767037052835,0.008592015397325783,0.0,-0.0005733409677248477,-0.006225296772572513,0.0
0.000785863128572225,0.008529987367328715,0.0,-0.0005692045551714917,-0.006180358734571861,0.0
0.00078019077468849,0.008468407094423284,0.0,-0.0005650979418455039,-0.006135744997585534,0.0
0.0007745593450861524,0.00840727134730394,0.0,-0.0005610209140353089,-0.006091453223252369,0.0
0.0007689685449271666,0.008346576917964576,0.0,-0.0005569732595404077,-0.00604748109002726,0.0
0.0007634180814883048,0.008286320621530965,0.0,-0.000552954767661181,-0.00600382629306123,0.0
0.0007579076641461967,0.008226499296094397,0.0,-0.0005489652291887468,-0.005960486544082325,0.0
0.0007524370043624708,0.008167109802546499,0.0,-0.0005450044363948777,-0.0059174595712773465,0.0
0.0007470058156689949,0.008108149024415232,0.0,-0.0005410721830219742,-0.005874743119174396,0.0
0.0007416138136532182,0.008049613867702069,0.0,-0.0005371682642730963,-0.0058323349485262434,0.0
0.0007362607159436113,0.007991501260720322,0.0,-0.0005332924768020542,-0.005790232836194508,0.0
0.0007309462421952066,0.007933808153934633,0.0,-0.0005294446187035536,-0.005748434575034638,0.0
0.0007256701140752351,0.007876531519801605,0.0,-0.0005256244895033995,-0.005706937973781708,0.0
0.0007204320552488628,0.007819668352611575,0.0,-0.0005218318901487584,-0.005665740856936991,0.0
0.0007152317913650225,0.007763215668331515,0.0,-0.0005180666229984761,-0.005624841064655344,0.0
0.0007100690500423441,0.007707170504449053,0.0,-0.0005143284918134516,-0.005584236452633363,0.0
0.0007049435608551785,0.007651529919817617,0.0,-0.0005106173017470708,-0.005543924891998328,0.0
0.000699855055319719,0.007596290994502677,0.0,-0.0005069328593356939,-0.005503904269197921,0.0
0.0006948032668802163,0.007541450829629088,0.0,-0.0005032749724892015,-0.005464172485890719,0.0
0.0006897879308952888,0.00748700654722953,0.0,-0.000499643450481596,-0.005424727458837445,0.0
0.0006848087846243251,0.007432955290094021,0.0,-0.0004960381039416586,-0.005385567119792992,0.0
0.0006798655672139813,0.007379294221620515,0.0,-0.0004924587448436655,-0.005346689415399191,0.0
0.0006749580196847698,0.007326020525666568,0.0,-0.000488905186498156,-0.005308092307078338,0.0
0.0006700858849177408,0.007273131406402057,0.0,-0.0004853772435427594,-0.005269773770927465,0.0
0.0006652489076412546,0.007220624088162963,0.0,-0.0004818747319330765,-0.005231731797613355,0.0
0.0006604468344178454,0.007168495815306192,0.0,-0.0004783974689336165,-0.005193964392268285,0.0
0.0006556794136311754,0.00711674385206544,0.0,-0.00047494527310879,-0.005156469574386516,0.0
0.0006509463954730781,0.007065365482408087,0.0,-0.000471517964313956,-0.005119245377721492,0.0
0.0006462475319306921,0.007014358009893118,0.0,-0.0004681153636865246,-0.0050822898501837735,0.0
0.000641582576773682,0.006963718757530054,0.0,-0.0004647372936371148,-0.005045601053739687,0.0
0.000636951285541549,0.006913445067638905,0.0,-0.00046138357784076617,-0.005009177064310683,0.0
0.0006323534155310282,0.006863534301711112,0.0,-0.000458054041228205,-0.004973015971673402,0.0
0.000627788725783573,0.006813983840271498,0.0,-0.00045474850997716574,-0.004937115879360451,0.0
0.0006232569770729266,0.0067647910827411985,0.0,-0.0004514668115037655,-0.0049014749045618675,0.0
0.0006187579318927789,0.0067159534473015745,0.0,-0.0004482087744539314,-0.004866091178027285,0.0
0.0006142913544445094,0.006667468370759108,0.0,-0.000444974228694885,-0.004830962843968788,0.0
0.0006098570106250145,0.006619333308411256,0.0,-0.0004417630053066761,-0.004796088059964447,0.0
0.0006054546680146195,0.006571545733913274,0.0,-0.0004385749365737724,-0.004761464996862536,0.0
0.0006010840958650743,0.006524103139145984,0.0,-0.00043540985597670124,-0.004727091838686428,0.0
0.0005967450650876329,0.006477003034084502,0.0,-0.00043226759818374436,-0.004692966782540157,0.0
0.0005924373482412146,0.0064302429466678995,0.0,-0.0004291479990426851,-0.004659088038514649,0.0
0.0005881607195206492,0.006383820422669798,0.0,-0.0004260508955726084,-0.004625453829594618,0.0
0.000583914954745002,0.006337733025569896,0.0,-0.00042297612595575276,-0.0045920623915661095,0.0
0.0005796998313459813,0.0062919783364264155,0.0,-0.00041992352952941256,-0.004558911972924713,0.0
0.0005755151283564268,0.0062465539537494615,0.0,-0.0004168929467778961,-0.004526000834784407,0.0
0.000571360626398877,0.006201457493375292,0.0,-0.0004138842193245306,-0.004493327250787061,0.0
0.0005672361076742175,0.006156686588341487,0.0,-0.0004108971899237217,-0.004460889507012571,0.0
0.0005631413559504076,0.006112238888763019,0.0,-0.0004079317024530621,-0.004428685901889629,0.0
0.0005590761565512862,0.0060681120617092025,0.0,-0.00040498760190549234,-0.004396714746107132,0.0
0.0005550402963454555,0.006024303791081539,0.0,-0.00040206473438151127,-0.004364974362526212,0.0
0.0005510335637352422,0.005980811777492425,0.0,-0.0003991629470814373,-0.004333463086092888,0.0
0.0005470557486457367,0.005937633738144744,0.0,-0.0003962820882977194,-0.0043021792637513425,0.0
0.0005431066425139078,0.005894767406712311,0.0,-0.000393422007407299,-0.004271121254357807,0.0
0.0005391860382777941,0.00585221053322118,0.0,-0.00039058255486401996,-0.004240287428595059,0.0
0.0005352937303657714,0.005809960883931807,0.0,-0.00038776358219108945,-0.0042096761688875306,0.0
0.0005314295146858946,0.0057680162412220536,0.0,-0.00038496494197358676,-0.004179285869317008,0.0
0.0005275931886153149,0.005726374403471029,0.0,-0.0003821864878510227,-0.00414911493553894,0.0
0.0005237845509897705,0.005685033184943777,0.0,-0.0003794280745099461,-0.004119161784699338,0.0
0.0005200034020931515,0.005643990415676776,0.0,-0.0003766895576765992,-0.0040894248453522564,0.0
0.0005162495436471381,0.005603243941364271,0.0,-0.00037397079410962186,-0.004059902557377874,0.0
0.000512522778800911,0.005562791623245422,0.0,-0.00037127164159280303,-0.0040305933719011425,0.0
0.0005088229121209345,0.0055226313379922575,0.0,-0.00036859195892788093,-0.004001495751211026,0.0
0.0005051497495808114,0.005482760977598437,0.0,-0.00036593160592738927,-0.003972608168680304,0.0
0.0005015030985512086,0.0054431784492688096,0.0,-0.00036329044340755205,-0.003943929108685946,0.0
0.0004978827677898546,0.005403881675309772,0.0,-0.0003606683331812249,-0.0039154570665300625,0.0
0.0004942885674316065,0.005364868593020405,0.0,-0.0003580651380508827,-0.0038871905483614,0.0
0.0004907203089785868,0.005326137154584403,0.0,-0.00035548072180165526,-0.0038591280710974125,0.0
0.0004871778052903903,0.005287685326962767,0.0,-0.0003529149491944076,-0.003831268162346872,0.0
0.0004836608705743598,0.005249511091787282,0.0,-0.0003503676859588663,-0.0038036093603330424,0.0
0.0004801693203759298,0.005211612445254751,0.0,-0.0003478387987867935,-0.0037761502138173903,0.0
0.0004767029715690389,0.005173987398021992,0.0,-0.0003453281553252041,-0.0037488892820238453,0.0
0.0004732616423466094,0.005136633975101593,0.0,-0.0003428356241696302,-0.0037218251345635953,0.0
0.0004698451522110941,0.005099550215758409,0.0,-0.0003403610748574297,-0.0036949563513604205,0.0
0.0004664533219650899,0.00506273417340681,0.0,-0.0003379043778611393,-0.003668281522576557,0.0
0.00046308597370201796,0.005026183915508663,0.0,-0.0003354654045818728,-0.00364179924853909,0.0
0.00045974293079686864,0.0049898975234720505,0.0,-0.00033304402734276353,-0.0036155081396668713,0.0
0.00045642401789701306,0.0049538730925507155,0.0,-0.00033064011938245097,-0.0035894068163979556,0.0
0.00045312906091307887,0.00491810873174423,0.0,-0.0003282535548486107,-0.003563493909117557,0.0
0.00044985788700989057,0.004882602563698883,0.0,-0.0003258842087915286,-0.0035377680580865175,0.0
0.000446610324597474,0.004847352724609278,0.0,-0.00032353195715771756,-0.003512227913370287,0.0
0.00044338620332212453,0.004812357364120638,0.0,-0.00032119667678357866,-0.003486872134768408,0.0
0.00044018535405753817,0.00477761464523182,0.0,-0.00031887824538910376,-0.003461699391744503,0.0
0.0004370076088960057,0.004743122744199018,0.0,-0.000316576541571621,-0.0034367083633567654,0.0
0.0004338528011396692,0.004708879850440165,0.0,-0.00031429144479958385,-0.003411897738188941,0.0
0.00043072076529183993,0.00467488416644002,0.0,-0.0003120228354064005,-0.0033872662142818075,0.0
0.0004276113370483786,0.004641133907655937,0.0,-0.00030977059458430644,-0.0033628124990651375,0.0
0.00042452435328913597,0.004607627302424313,0.0,-0.0003075346043782782,-0.0033385353092901535,0.0
0.0004214596520694545,0.004574362591867711,0.0,-0.0003053147476799884,-0.0033144333709624603,0.0
0.00041841707261172997,0.0045413380298026515,0.0,-0.0003031109082218023,-0.0032905054192754577,0.0
0.0004153964552970334,0.004508551882648058,0.0,-0.00030092297057081487,-0.003266750198544231,0.0
0.0004123976416567919,0.004476002429334376,0.0,-0.0002987508201229285,-0.003243166462139912,0.0
0.00040942047436452874,0.0044436879612133355,0.0,-0.00029659434309697175,-0.0032197529724245074,0.0
0.0004064647972276623,0.004411606781968366,0.0,-0.0002944534265288575,-0.0031965085006861985,0.0
0.00040353045517936277,0.004379757207525659,0.0,-0.00029232795826578155,-0.003173431827075096,0.0
0.000400617294270467,0.004348137565965864,0.0,-0.00029021782696046116,-0.0031505217405394612,0.0
0.00039772516166145086,0.0043167461974364255,0.0,-0.00028812292206541185,-0.003127777038762378,0.0
0.0003948539056144581,0.004285581454064552,0.0,-0.0002860431338272649,-0.00310519652809888,0.0
0.0003920033754853867,0.004254641699870805,0.0,-0.0002839783532811233,-0.0030827790235135287,0.0
0.00038917342171603057,0.0042239253106833175,0.0,-0.0002819284722449559,-0.003060523348518435,0.0
0.0003863638958262779,0.004193430674052623,0.0,-0.0002798933833140309,-0.0030384283351117263,0.0
0.0003835746504063643,0.004163156189167104,0.0,-0.00027787297985538734,-0.0030164928237164535,0.0
0.0003808055391091819,0.004133100266769045,0.0,-0.0002758671560023444,-0.0029947156631199355,0.0
0.0003780564166426421,0.0041032613290712915,0.0,-0.00027387580664904886,-0.002973095710413537,0.0
0.00037532713876209356,0.004073637809674509,0.0,-0.00027189882744506013,-0.0029516318309328773,0.0
0.0003726175622627939,0.004044228153485037,0.0,-0.0002699361147899723,-0.0029303228981984696,0.0
0.0003699275449724346,0.004015030816633336,0.0,-0.00026798756582807333,-0.0029091677938567814,0.0
0.00036725694574372,0.003986044266393021,0.0,-0.000266053078443042,-0.00288816540762172,0.0
0.00036460562444699796,0.003957266981100476,0.0,-0.0002641325512526806,-0.0028673146372165375,0.0
0.00036197344196294424,0.003928697450075051,0.0,-0.0002622258836036839,-0.002846614388316148,0.0
0.00035936026017529827,0.0039003341735398323,0.0,-0.00026033297556644593,-0.0028260635744898626,0.0
0.0003567659419636508,0.0038721756625429813,0.0,-0.00025845372792989975,-0.0028056611171445316,0.0
0.0003541903511962831,0.0038442204388796433,0.0,-0.00025658804219639674,-0.0027854059454680965,0.0
0.00035163335272305716,0.0038164670350144163,0.0,-0.0002547358205766183,-0.002765296996373544,0.0
0.00034909481236835665,0.0037889139940043798,0.0,-0.0002528969659845245,-0.002745333214443264,0.0
0.0003465745969240781,0.0037615598694226765,0.0,-0.00025107138203233725,-0.002725513551873804,0.0
0.0003440725741426721,0.0037344032252826457,0.0,-0.0002492589730255584,-0.002705836968421023,0.0
0.00034158861273023437,0.0037074426359625023,0.0,-0.0002474596439580231,-0.0026863024313456356,0.0
0.0003391225823396458,0.00368067668613056,0.0,-0.00024567330050698607,-0.0026669089153591465,0.0
0.0003366743535637618,0.00365410397067099,0.0,-0.00024389984902824385,-0.0026476554025701756,0.0
0.0003342437979286499,0.003627723094610119,0.0,-0.00024213919655128975,-0.002628540882431165,0.0
0.0003318307878868759,0.0036015326730432545,0.0,-0.00024039125077450317,-0.0026095643516854702,0.0
0.000329435196810838,0.0035755313310620383,0.0,-0.00023865592006037275,-0.0025907248143148295,0.0
0.0003270568989861484,0.0035497177036823246,0.0,-0.00023693311343075152,-0.0025720212814872114,0.0
0.0003246957696050621,0.003524090435772576,0.0,-0.00023522274056214697,-0.002553452771505035,0.0
0.0003223516847599529,0.003498648181982778,0.0,-0.0002335247117810427,-0.0025350183097537634,0.0
0.000320024521436836,0.0034733896066738612,0.0,-0.00023183893805925318,-0.002516716928650864,0.0
0.0003177141575089365,0.003448313383847638,0.0,-0.00023016533100931125,-0.0024985476675951374,0.0
0.00031542047173030435,0.0034234181970772383,0.0,-0.00022850380287988743,-0.0024805095729164084,0.0
0.0003131433437294749,0.0033987027394380516,0.0,-0.00022685426655124152,-0.0024626016978255786,0.0
0.0003108826540031743,0.0033741657134391625,0.0,-0.00022521663553070622,-0.0024448231023650375,0.0
0.00030863828391007066,0.003349805830955284,0.0,-0.00022359082394820208,-0.0024271728533594296,0.0
0.00030641011566456914,0.003325621813159179,0.0,-0.0002219767465517843,-0.002409650024366775,0.0
0.0003041980323306521,0.0033016123904545678,0.0,-0.00022037431870321956,-0.0023922536956299412,0.0
0.00030200191781576283,0.0032777763024095237,0.0,-0.00021878345637359607,-0.002374982954028463,0.0
0.00029982165686473337,0.0032541122976903437,0.0,-0.0002172040761389624,-0.0023578368930307083,0.0
0.00029765713505375556,0.0032306191339958983,0.0,-0.00021563609517599773,-0.002340814612646389,0.0
0.0002955082387843954,0.0032072955779924544,0.0,-0.00021407943125771261,-0.00232391521937941,0.0
0.00029337485527765014,0.0031841404052489674,0.0,-0.00021253400274917983,-0.0023071378261810597,0.0
0.000291256872568048,0.0031611524001728406,0.0,-0.00021099972860329525,-0.002290481552403536,0.0
0.0002891541794977902,0.0031383303559461458,0.0,-0.00020947652835656837,-0.0022739455237538054,0.0
0.0002870666657109346,0.003115673074462306,0.0,-0.00020796432212494287,-0.0022575288722477935,0.0
0.0002849942216476216,0.003093179366263233,0.0,-0.00020646303059964602,-0.0022412307361649067,0.0
0.00028293673853834074,0.0030708480504769192,0.0,-0.0002049725750430678,-0.0022250502600028787,0.0
0.00028089410839823896,0.0030486779547554774,0.0,-0.00020349287728466882,-0.0022089865944329426,0.0
0.00027886622402146914,0.0030266679152136304,0.0,-0.0002020238597169173,-0.0021930388962553234,0.0
0.00027685297897557943,0.0030048167763676403,0.0,-0.00020056544529125427,-0.0021772063283550533,0.0
0.0002748542675959428,0.002983123391074682,0.0,-0.00019911755751408772,-0.0021614880596581014,0.0
0.00027286998498022636,0.00296158662047265,0.0,-0.00019768012044281468,-0.0021458832650878223,0.0
0.0002709000269829004,0.0029402053339204013,0.0,-0.00019625305868187145,-0.002130391125521714,0.0
0.0002689442902097869,0.002918978408938431,0.0,-0.00019483629737881178,-0.0021150108277484896,0.0
0.00026700267201264677,0.0028979047311499706,0.0,-0.00019342976222041285,-0.002099741564425457,0.0
0.00026507507048380643,0.0028769831942225157,0.0,-0.0001920333794288082,-0.002084582534036203,0.0
0.00026316138445082256,0.002856212699809772,0.0,-0.00019064707575764902,-0.0020695329408485855,0.0
0.0002612615134711851,0.002835592157494023,0.0,-0.0001892707784882914,-0.0020545919948730235,0.0
0.0002593753578270584,0.002815120484728911,0.0,-0.00018790441542601148,-0.002039758911821091,0.0
0.00025750281852006016,0.0027947966067826307,0.0,-0.00018654791489624705,-0.0020250329130644057,0.0
0.00025564379726607744,0.0027746194566815336,0.0,-0.00018520120574086558,-0.0020104132255938153,0.0
0.00025379819649012036,0.0027545879751541386,0.0,-0.0001838642173144587,-0.001995899081978876,0.0
0.0002519659193212124,0.0027347011105755465,0.0,-0.0001825368794806632,-0.0019814897203276247,0.0
0.0002501468695873175,0.0027149578189122545,0.0,-0.0001812191226085077,-0.0019671843842466365,0.0
0.00024834095181030337,0.0026953570636673693,0.0,-0.00017991087756878604,-0.0019529823228013742,0.0
0.0002465480712009413,0.0026758978158262165,0.0,-0.00017861207573045465,-0.0019388827904768201,0.0
0.00024476813365394167,0.002656579053802339,0.0,-0.00017732264895705765,-0.0019248850471383925,0.0
0.00024300104574302491,0.0026373997633838886,0.0,-0.0001760425296031757,-0.0019109883579931416,0.0
0.0002412467147160282,0.0026183589376804015,0.0,-0.00017477165051090057,-0.0018971919935512273,0.0
0.0002395050484900471,0.0025994555770699596,0.0,-0.00017350994500633457,-0.0018834952295876718,0.0
0.00023777595564661205,0.002580688689146731,0.0,-0.00017225734689611547,-0.0018698973471043888,0.0
0.00023605934542689962,0.0025620572886688895,0.0,-0.00017101379046396506,-0.0018563976322924856,0.0
0.00023435512772697808,0.0025435603975069118,0.0,-0.00016977921046726298,-0.0018429953764948362,0.0
0.00023266321309308713,0.0025251970445922443,0.0,-0.00016855354213364445,-0.0018296898761689243,0.0
0.0002309835127169515,0.0025069662658663418,0.0,-0.00016733672115762274,-0.0018164804328499537,0.0
0.0002293159384311283,0.0024888671042300734,0.0,-0.00016612868369723495,-0.001803366353114223,0.0
0.0002276604027043877,0.002470898609493495,0.0,-0.00016492936637071203,-0.0017903469485427664,0.0
0.00022601681863712692,0.0024530598383259816,0.0,-0.00016373870625317237,-0.001777421535685254,0.0
0.00022438509995681695,0.002435349854206719,0.0,-0.00016255664087333905,-0.001764589436024153,0.0
0.00022276516101348226,0.0024177677273755573,0.0,-0.0001613831082102803,-0.0017518499759391468,0.0
0.00022115691677521284,0.0024003125347842116,0.0,-0.00016021804669017297,-0.0017392024866718099,0.0
0.00021956028282370846,0.002382983360047822,0.0,-0.00015906139518308935,-0.0017266463042905377,0.0
0.00021797517534985502,0.0023657792933968573,0.0,-0.00015791309299980705,-0.001714180769655729,0.0
0.00021640151114933278,0.0023486994316293695,0.0,-0.00015677307988864057,-0.0017018052283852174,0.0
0.00021483920761825596,0.002331742878063591,0.0,-0.00015564129603229694,-0.0016895190308199547,0.0
0.00021328818274884382,0.0023149087424908727,0.0,-0.00015451768204475234,-0.0016773215319899383,0.0
0.00021174835512512282,0.0022981961411289646,0.0,-0.00015340217896815209,-0.0016652120915803862,0.0
0.00021021964391865973,0.0022816041965756304,0.0,-0.0001522947282697318,-0.0016531900738981542,0.0
0.00020870196888432533,0.002265132037762599,0.0,-0.0001511952718387613,-0.0016412548478383963,0.0
0.00020719525035608864,0.002248778799909846,0.0,-0.00015010375198350962,-0.0016294057868514635,0.0
0.00020569940924284135,0.0022325436244802076,0.0,-0.00014902011142823204,-0.0016176422689100432,0.0
0.00020421436702425236,0.0022164256591343193,0.0,-0.0001479442933101786,-0.0016059636764765325,0.0
0.000202740045746652,0.002200424057685882,0.0,-0.00014687624117662386,-0.0015943693964706493,0.0
0.00020127636801894593,0.002184537980057249,0.0,-0.00014581589898191786,-0.0015828588202372752,0.0
0.00019982325700855852,0.0021687665922353345,0.0,-0.00014476321108455802,-0.0015714313435145298,0.0
0.00019838063643740515,0.0021531090662278395,0.0,-0.00014371812224428214,-0.0015600863664020762,0.0
0.0001969484305778938,0.002137564580019794,0.0,-0.00014268057761918196,-0.0015488232933296537,0.0
0.00019552656424895513,0.002122132317530414,0.0,-0.00014165052276283752,-0.0015376415330258376,0.0
0.00019411496281210132,0.0021068114685702656,0.0,-0.00014062790362147202,-0.0015265404984870245,0.0
0.00019271355216751314,0.002091601228798743,0.0,-0.00013961266653112628,-0.0015155196069466402,0.0
0.00019132225875015524,0.0020765007996818513,0.0,-0.00013860475821485455,-0.0015045782798445702,0.0
0.00018994100952591934,0.0020615093884502923,0.0,-0.0001376041257799397,-0.00149371594279681,0.0
0.00018856973198779522,0.0020466262080578554,0.0,-0.00013661071671512798,-0.0014829320255653345,0.0
0.00018720835415206926,0.0020318504771401073,0.0,-0.00013562447888788425,-0.0014722259620281836,0.0
0.0001858568045545503,0.0020171814199733806,0.0,-0.0001346453605416662,-0.0014615971901497649,0.0
0.00018451501224682267,0.002002618266434056,0.0,-0.00013367331029321897,-0.001451045151951369,0.0
0.00018318290679252624,0.001988160251958142,0.0,-0.00013270827712988782,-0.0014405692934818977,0.0
0.00018186041826366318,0.001973806617501142,0.0,-0.00013175021040695098,-0.0014301690647888035,0.0
0.0001805474772369313,0.001959556609498216,0.0,-0.0001307990598449714,-0.001419843919889238,0.0
0.00017924401479008388,0.001945409479824625,0.0,-0.00012985477552716706,-0.0014095933167414087,0.0
0.00017794996249831556,0.0019313644857564631,0.0,-0.00012891730789680065,-0.0013994167172161425,0.0
0.0001766652524306744,0.0019174208899316726,0.0,-0.00012798660775458723,-0.0013893135870686522,0.0
0.0001753898171464996,0.0019035779603113411,0.0,-0.00012706262625612153,-0.0013792833959105095,0.0
0.00017412358969188504,0.0018898349701412767,0.0,-0.0001261453149093222,-0.0013693256171818176,0.0
0.00017286650359616814,0.0018761911979138606,0.0,-0.0001252346255718957,-0.0013594397281235856,0.0
0.0001716184928684441,0.0018626459273301762,0.0,-0.00012433051044881743,-0.0013496252097503012,0.0
0.00017037949199410514,0.0018491984472624099,0.0,-0.00012343292208983153,-0.0013398815468227026,0.0
0.00016914943593140483,0.001835848051716524,0.0,-0.00012254181338696799,-0.001330208227820744,0.0
0.0001679282601080469,0.0018225940397951993,0.0,-0.00012165713757207806,-0.0013206047449167595,0.0
0.0001667159004177989,0.0018094357156610444,0.0,-0.00012077884821438698,-0.0013110705939488167,0.0
0.00016551229321712998,0.0017963723885000707,0.0,-0.00011990689921806455,-0.0013016052743942657,0.0
0.00016431737532187311,0.001783403372485431,0.0,-0.0001190412448198126,-0.0012922082893434765,0.0
0.00016313108400391123,0.00177052798674142,0.0,-0.00011818183958647022,-0.0012828791454737667,0.0
0.0001619533569878872,0.0017577455553077343,0.0,-0.00011732863841263605,-0.0012736173530235176,0.0
0.0001607841324479376,0.0017450554071039904,0.0,-0.00011648159651830726,-0.0012644224257664755,0.0
0.00015962334900444997,0.0017324568758944987,0.0,-0.00011564066944653615,-0.0012552938809862397,0.0
0.00015847094572084343,0.0017199493002532918,0.0,-0.0001148058130611029,-0.0012462312394509335,0.0
0.00015732686210037238,0.0017075320235294049,0.0,-0.00011397698354420515,-0.001237234025388058,0.0
0.00015619103808295345,0.0016952043938124077,0.0,-0.00011315413739416435,-0.0012283017664595284,0.0
0.00015506341404201513,0.0016829657638981834,0.0,-0.00011233723142314849,-0.001219433993736888,0.0
0.00015394393078137014,0.0016708154912549564,0.0,-0.00011152622275491089,-0.0012106302416767024,0.0
0.00015283252953211032,0.0016587529379895635,0.0,-0.00011072106882254566,-0.001201890048096132,0.0
0.00015172915194952392,0.00164677747081397,0.0,-0.00010992172736625889,-0.0011932129541486782,0.0
0.00015063374011003517,0.0016348884610120267,0.0,-0.00010912815643115605,-0.0011845985043001063,0.0
0.00014954623650816567,0.0016230852844064667,0.0,-0.00010834031436504494,-0.001176046246304542,0.0
0.00014846658405351796,0.001611367321326141,0.0,-0.000107558159816255,-0.0011675557311807388,0.0
0.0001473947260677806,0.0015997339565734896,0.0,-0.00010678165173147154,-0.001159126513188519,0.0
0.00014633060628175493,0.001588184579392248,0.0,-0.00010601074935358618,-0.0011507581498053812,0.0
0.00014527416883240333,0.0015767185834353874,0.0,-0.0001052454122195622,-0.0011424502017032805,0.0
0.0001442253582599185,0.0015653353667332845,0.0,-0.00010448560015831549,-0.0011342022327255727,0.0
0.00014318411950481417,0.0015540343316621226,0.0,-0.00010373127328861065,-0.0011260138098641264,0.0
0.0001421503979050366,0.0015428148849125202,0.0,-0.00010298239201697227,-0.0011178845032366004,0.0
0.0001411241391930968,0.0015316764374583862,0.0,-0.00010223891703561073,-0.0011098138860638838,0.0
0.0001401052894932238,0.0015206184045259991,0.0,-0.00010150080932036391,-0.0011018015346477,0.0
0.0001390937953185378,0.0015096402055633105,0.0,-0.0001007680301286526,-0.0010938470283483716,0.0
0.0001380896035682445,0.0014987412642094692,0.0,-0.00010004054099745113,-0.0010859499495627456,0.0
0.00013709266152484888,0.0014879210082645662,0.0,-9.931830374127254e-5,-0.001078109883702278,0.0
0.00013610291685138957,0.0014771788696595972,0.0,-9.86012804501682e-5,-0.0010703264191712772,0.0
0.000135120317588693,0.0014665142844266417,0.0,-9.788943348774168e-5,-0.0010625991473453022,0.0
0.00013414481215264724,0.001455926692669259,0.0,-9.718272548917699e-5,-0.0010549276625497189,0.0
0.00013317634933149566,0.0014454155385330955,0.0,-9.6481119359281e-5,-0.00104731156203841,0.0
0.00013221487828314998,0.001434980270176706,0.0,-9.578457827053985e-5,-0.0010397504459726385,0.0
0.00013126034853252273,0.0014246203397425851,0.0,-9.509306566118954e-5,-0.001032243917400064,0.0
0.00013031270996887898,0.0014143352033284067,0.0,-9.440654523329997e-5,-0.0010247915822339103,0.0
0.0001293719128432071,0.0014041243209584726,0.0,-9.372498095087309e-5,-0.0010173930492322818,0.0
0.00012843790776560839,0.0013939871565553663,0.0,-9.304833703795463e-5,-0.0010100479299776318,0.0
0.00012751064570270585,0.0013839231779118114,0.0,-9.237657797675937e-5,-0.0010027558388563775,0.0
0.00012659007797507122,0.0013739318566627335,0.0,-9.17096685058099e-5,-0.0009955163930386608,0.0
0.00012567615625467082,0.0013640126682575233,0.0,-9.104757361808882e-5,-0.0009883292124582574,0.0
0.00012476883256232977,0.0013541650919325,0.0,-9.039025855920416e-5,-0.0009811939197926296,0.0
0.00012386805926521447,0.0013443886106835742,0.0,-8.973768882556785e-5,-0.000974110140443123,0.0
0.0001229737890743332,0.0013346827112391065,0.0,-8.908983016258752e-5,-0.000967077502515306,0.0
0.00012208597504205485,0.0013250468840329639,0.0,-8.844664856287135e-5,-0.0009600956367994515,0.0
0.00012120457055964528,0.0013154806231777693,0.0,-8.780811026444545e-5,-0.0009531641767511598,0.0
0.00012032952935482184,0.0013059834264383444,0.0,-8.717418174898437e-5,-0.0009462827584721199,0.0
0.00011946080548932518,0.0012965547952053448,0.0,-8.654482974005445e-5,-0.0009394510206910108,0.0
0.00011859835335650874,0.0012871942344690845,0.0,-8.592002120136928e-5,-0.0009326686047445401,0.0
0.00011774212767894558,0.0012779012527935503,0.0,-8.529972333505832e-5,-0.00092593515455862,0.0
0.00011689208350605242,0.0012686753622906033,0.0,-8.468390357994752e-5,-0.0009192503166296779,0.0
0.00011604817621173093,0.001259516078594366,0.0,-8.407252960985268e-5,-0.0009126137400061029,0.0
0.0001152103614920259,0.001250422920835796,0.0,-8.34655693318846e-5,-0.0009060250762698256,0.0
0.00011437859536280041,0.001241395411617441,0.0,-8.286299088476696e-5,-0.0008994839795180314,0.0
0.00011355283415742763,0.0012324330769883777,0.0,-8.226476263716598e-5,-0.000892990106345005,0.0
0.00011273303452449944,0.0012235354464193307,0.0,-8.167085318603211e-5,-0.0008865431158241062,0.0
0.0001119191534255514,0.001214702052777972,0.0,-8.108123135495373e-5,-0.000880142669489876,0.0
0.00011111114813280425,0.001205932432304397,0.0,-8.049586619252269e-5,-0.0008737884313202712,0.0
0.00011030897622692169,0.0011972261245867801,0.0,-7.99147269707117e-5,-0.0008674800677190278,0.0
0.00010951259559478422,0.001188582672537203,0.0,-7.933778318326301e-5,-0.0008612172474981514,0.0
0.00010872196442727914,0.0011800016223676602,0.0,-7.876500454408937e-5,-0.0008549996418605337,0.0
0.0001079370412171065,0.0011714825235662357,0.0,-7.819636098568571e-5,-0.0008488269243826953,0.0
